camada,coluna,frac_barras_alteradas
input,datetime,0.0
input,open,0.0
input,high,0.0
input,low,0.0
input,close,0.0
input,volume,0.0
input,ret_1m,0.0
input,memory_close,0.0
input,memory_flux,0.0
input,velocity,0.0
input,acceleration,0.0
input,jerk,0.0
input,E_raw,0.0
input,E_norm,1.0
input,lambda_dynamic,0.0
input,input_valid,0.0025
info,datetime,0.0
info,open,0.0
info,high,0.0
info,low,0.0
info,close,0.0
info,volume,0.0
info,ret_1m,0.0
info,memory_close,0.0
info,memory_flux,0.0
info,velocity,0.0
info,acceleration,0.0
info,jerk,0.0
info,E_raw,0.0
info,E_norm,0.0
info,lambda_dynamic,0.0
info,input_valid,0.0025
info,ret,0.0
info,information_density,0.0
info,information_gradient,0.0
info,information_acceleration,0.0
geodesic,datetime,0.0
geodesic,open,0.0
geodesic,high,0.0
geodesic,low,0.0
geodesic,close,0.0
geodesic,volume,0.0
geodesic,ret_1m,0.0
geodesic,memory_close,0.0
geodesic,memory_flux,0.0
geodesic,velocity,0.0
geodesic,acceleration,0.0
geodesic,jerk,0.0
geodesic,E_raw,0.0
geodesic,E_norm,0.0
geodesic,lambda_dynamic,0.0
geodesic,input_valid,0.0025037556334501754
geodesic,ret,0.0
geodesic,information_density,0.0
geodesic,information_gradient,0.0
geodesic,information_acceleration,0.0
geodesic,rho_field,1.0
geodesic,phi_field,1.0
geodesic,grad_phi_e,1.0
geodesic,grad_phi_j,1.0
geodesic,grad_phi_norm,1.0
geodesic,hess_phi_ee,1.0
geodesic,hess_phi_ej,1.0
geodesic,hess_phi_jj,1.0
geodesic,g_ee,1.0
geodesic,g_ej,1.0
geodesic,g_jj,1.0
geodesic,g_trace,1.0
geodesic,g_det,1.0
geodesic,g_det_safe,1.0
geodesic,g_inv_ee,1.0
geodesic,g_inv_ej,1.0
geodesic,g_inv_jj,0.9984977466199298
geodesic,field_curvature,1.0
geodesic,dE_g_ee,1.0
geodesic,dJ_g_ee,1.0
geodesic,dE_g_ej,1.0
geodesic,dJ_g_ej,1.0
geodesic,dE_g_jj,1.0
geodesic,dJ_g_jj,1.0
geodesic,gamma_e_ee,1.0
geodesic,gamma_e_ej,1.0
geodesic,gamma_e_jj,1.0
geodesic,gamma_j_ee,1.0
geodesic,gamma_j_ej,1.0
geodesic,gamma_j_jj,1.0
geodesic,mem_e,0.0
geodesic,mem_j,0.0
geodesic,geom_incoherence,0.015523284927391086
geodesic,geom_incoherence_abs,0.015523284927391086
geodesic,vel_e,0.0
geodesic,vel_j,0.0
geodesic,acc_obs_e,0.0
geodesic,acc_obs_j,0.0
geodesic,acc_geo_e,0.99949924887331
geodesic,acc_geo_j,0.7936905358037055
geodesic,acc_geo_norm,0.9954932398597897
geodesic,geo_resid_e,0.99949924887331
geodesic,geo_resid_j,0.7936905358037055
geodesic,geo_resid_norm,0.8212318477716575
geodesic,jerk_over_lambda,0.0
geodesic,field_stress_geodesic,1.0
geodesic,rupture_prob_geodesic,1.0
geodesic,field_curvature_scalar,0.99899849774662
geodesic,field_stress_tensor_norm,1.0
geodesic,field_einstein_norm,1.0
geodesic,field_gravity,1.0
geodesic,gravitational_stress_score,1.0
geodesic,G_info_00,1.0
geodesic,G_info_01,1.0
geodesic,G_info_02,1.0
geodesic,G_info_10,1.0
geodesic,G_info_11,1.0
geodesic,G_info_12,1.0
geodesic,G_info_20,1.0
geodesic,G_info_21,1.0
geodesic,G_info_22,1.0
geodesic,T_info_00,1.0
geodesic,T_info_01,1.0
geodesic,T_info_02,1.0
geodesic,T_info_10,1.0
geodesic,T_info_11,1.0
geodesic,T_info_12,1.0
geodesic,T_info_20,1.0
geodesic,T_info_21,1.0
geodesic,T_info_22,1.0
geodesic,field_grid_n_3d_e,0.0
geodesic,field_grid_n_3d_j,0.0
geodesic,field_grid_n_3d_m,0.0
geodesic,field_bandwidth_3d,0.0
geodesic,kappa_info,0.0
geodesic,geodesic_valid,0.0
geodesic,field_grid_n,0.0
geodesic,field_bandwidth,0.0
geodesic,stress_valid,0.0
singularity,datetime,0.0
singularity,open,0.0
singularity,high,0.0
singularity,low,0.0
singularity,close,0.0
singularity,volume,0.0
singularity,ret_1m,0.0
singularity,memory_close,0.0
singularity,memory_flux,0.0
singularity,velocity,0.0
singularity,acceleration,0.0
singularity,jerk,0.0
singularity,E_raw,0.0
singularity,E_norm,0.0
singularity,lambda_dynamic,0.0
singularity,input_valid,0.0025037556334501754
singularity,ret,0.0
singularity,information_density,0.0
singularity,information_gradient,0.0
singularity,information_acceleration,0.0
singularity,rho_field,1.0
singularity,phi_field,1.0
singularity,grad_phi_e,1.0
singularity,grad_phi_j,1.0
singularity,grad_phi_norm,1.0
singularity,hess_phi_ee,1.0
singularity,hess_phi_ej,1.0
singularity,hess_phi_jj,1.0
singularity,g_ee,1.0
singularity,g_ej,1.0
singularity,g_jj,1.0
singularity,g_trace,1.0
singularity,g_det,1.0
singularity,g_det_safe,1.0
singularity,g_inv_ee,1.0
singularity,g_inv_ej,1.0
singularity,g_inv_jj,0.9984977466199298
singularity,field_curvature,1.0
singularity,dE_g_ee,1.0
singularity,dJ_g_ee,1.0
singularity,dE_g_ej,1.0
singularity,dJ_g_ej,1.0
singularity,dE_g_jj,1.0
singularity,dJ_g_jj,1.0
singularity,gamma_e_ee,1.0
singularity,gamma_e_ej,1.0
singularity,gamma_e_jj,1.0
singularity,gamma_j_ee,1.0
singularity,gamma_j_ej,1.0
singularity,gamma_j_jj,1.0
singularity,mem_e,0.0
singularity,mem_j,0.0
singularity,geom_incoherence,0.015523284927391086
singularity,geom_incoherence_abs,0.015523284927391086
singularity,vel_e,0.0
singularity,vel_j,0.0
singularity,acc_obs_e,0.0
singularity,acc_obs_j,0.0
singularity,acc_geo_e,0.99949924887331
singularity,acc_geo_j,0.7936905358037055
singularity,acc_geo_norm,0.9954932398597897
singularity,geo_resid_e,0.99949924887331
singularity,geo_resid_j,0.7936905358037055
singularity,geo_resid_norm,0.8212318477716575
singularity,jerk_over_lambda,0.0
singularity,field_stress_geodesic,1.0
singularity,rupture_prob_geodesic,1.0
singularity,field_curvature_scalar,0.99899849774662
singularity,field_stress_tensor_norm,1.0
singularity,field_einstein_norm,1.0
singularity,field_gravity,1.0
singularity,gravitational_stress_score,1.0
singularity,G_info_00,1.0
singularity,G_info_01,1.0
singularity,G_info_02,1.0
singularity,G_info_10,1.0
singularity,G_info_11,1.0
singularity,G_info_12,1.0
singularity,G_info_20,1.0
singularity,G_info_21,1.0
singularity,G_info_22,1.0
singularity,T_info_00,1.0
singularity,T_info_01,1.0
singularity,T_info_02,1.0
singularity,T_info_10,1.0
singularity,T_info_11,1.0
singularity,T_info_12,1.0
singularity,T_info_20,1.0
singularity,T_info_21,1.0
singularity,T_info_22,1.0
singularity,field_grid_n_3d_e,0.0
singularity,field_grid_n_3d_j,0.0
singularity,field_grid_n_3d_m,0.0
singularity,field_bandwidth_3d,0.0
singularity,kappa_info,0.0
singularity,geodesic_valid,0.0
singularity,field_grid_n,0.0
singularity,field_bandwidth,0.0
singularity,stress_valid,0.0
singularity,rigidity_inverse,0.0
singularity,det_inverse,1.0
singularity,g_inv_norm,1.0
singularity,gamma_norm,1.0
singularity,curvature_abs,1.0
singularity,curvature_scalar_abs,0.9929894842263395
singularity,einstein_norm_abs,1.0
singularity,gravity_abs,1.0
singularity,grav_stress_abs,1.0
singularity,stress_energy_raw,1.0
singularity,memory_flux_abs,0.0
singularity,rigidity_log,0.0
singularity,det_log,1.0
singularity,ginv_log,1.0
singularity,gamma_log,1.0
singularity,curvature_log,1.0
singularity,curvature_scalar_log,0.9929894842263395
singularity,einstein_log,1.0
singularity,gravity_log,1.0
singularity,grav_stress_log,1.0
singularity,stress_log,1.0
singularity,geo_resid_log,0.8207310966449675
singularity,memory_flux_log,0.0
singularity,jerk_lambda_log,0.0
singularity,grad_phi_log,1.0
singularity,sgv_sing_rigidity_score,0.0
singularity,sgv_sing_curvature_score,1.0
singularity,sgv_sing_stress_score,1.0
singularity,sgv_sing_gravity_score,1.0
singularity,sgv_singularity_score,1.0
singularity,sgv_singularity_score_z,1.0
singularity,sgv_singularity_score_01,0.9929894842263395
singularity,sgv_singularity_prob,1.0
singularity,sgv_criticality_score,1.0
singularity,sgv_criticality_score_z,1.0
singularity,sgv_criticality_score_01,0.9914872308462694
singularity,sgv_criticality_prob,1.0
singularity,sgv_singularity_alert_q90,0.1742613920881322
singularity,sgv_singularity_alert_q95,0.09113670505758638
singularity,sgv_singularity_alert_q99,0.01602403605408112
singularity,sgv_criticality_alert_q95,0.08612919379068602
singularity,sgv_sing_rigidity_alert,0.020030045067601403
singularity,sgv_sing_curvature_alert,0.10065097646469705
singularity,sgv_sing_stress_alert,0.08462694041061593
singularity,sgv_sing_gravity_alert,0.100150225338007
singularity,ricci3_alert_q95,0.08763144717075613
singularity,gravity_alert_q95,0.08412618928392589
singularity,einstein_alert_q95,0.09964947421131698
singularity,sgv_singularity_type,0.0
singularity,sgv_stage,0.0
singularity,G_info_abs_sum,1.0
singularity,T_info_abs_sum,1.0
singularity,sgv_singularity_valid,0.0
terrain,E_norm,1.0
terrain,jerk,0.0
terrain,lambda_dynamic,0.0
terrain,close,0.0
terrain,terrain_attractor_E,1.0
terrain,terrain_attractor_jerk,0.0
terrain,terrain_cov_11,1.0
terrain,terrain_cov_12,0.9975
terrain,terrain_cov_22,0.0
terrain,terrain_fisher_proxy_11,1.0
terrain,terrain_fisher_proxy_12,1.0
terrain,terrain_fisher_proxy_22,0.082
terrain,terrain_informational_displacement_raw,0.993
terrain,terrain_informational_displacement,0.993
terrain,terrain_log_density,1.0
terrain,terrain_grad_logp_E,1.0
terrain,terrain_grad_logp_jerk,1.0
terrain,terrain_curvature,1.0
terrain,terrain_hessian_trace,1.0
terrain,terrain_hessian_maxeig_abs,0.992
terrain,terrain_basin_depth,1.0
terrain,terrain_regime_hysteresis,1.0
terrain,terrain_informational_displacement_w,0.9955
terrain,terrain_curvature_w,1.0
terrain,terrain_basin_depth_w,1.0
terrain,terrain_regime_hysteresis_w,1.0
terrain,terrain_z_disp,1.0
terrain,terrain_z_curv,1.0
terrain,terrain_z_basin,1.0
terrain,terrain_z_hyst,1.0
terrain,terrain_transition_score_raw,1.0
terrain,terrain_transition_score,1.0
terrain,terrain_state,0.0
expected_value,E_norm,1.0
expected_value,jerk,0.0
expected_value,lambda_dynamic,0.0
expected_value,close,0.0
expected_value,terrain_attractor_E,1.0
expected_value,terrain_attractor_jerk,0.0
expected_value,terrain_cov_11,1.0
expected_value,terrain_cov_12,0.9975
expected_value,terrain_cov_22,0.0
expected_value,terrain_fisher_proxy_11,1.0
expected_value,terrain_fisher_proxy_12,1.0
expected_value,terrain_fisher_proxy_22,0.082
expected_value,terrain_informational_displacement_raw,0.993
expected_value,terrain_informational_displacement,0.993
expected_value,terrain_log_density,1.0
expected_value,terrain_grad_logp_E,1.0
expected_value,terrain_grad_logp_jerk,1.0
expected_value,terrain_curvature,1.0
expected_value,terrain_hessian_trace,1.0
expected_value,terrain_hessian_maxeig_abs,0.992
expected_value,terrain_basin_depth,1.0
expected_value,terrain_regime_hysteresis,1.0
expected_value,terrain_informational_displacement_w,0.9955
expected_value,terrain_curvature_w,1.0
expected_value,terrain_basin_depth_w,1.0
expected_value,terrain_regime_hysteresis_w,1.0
expected_value,terrain_z_disp,1.0
expected_value,terrain_z_curv,1.0
expected_value,terrain_z_basin,1.0
expected_value,terrain_z_hyst,1.0
expected_value,terrain_transition_score_raw,1.0
expected_value,terrain_transition_score,1.0
expected_value,terrain_state,0.0
expected_value,signal_long,0.011
expected_value,signal_short,0.0025
expected_value,ev_long_1,0.3325
expected_value,ev_long_3,0.3325
expected_value,ev_long_5,0.3325
expected_value,ev_short_1,0.286
expected_value,ev_short_3,0.286
expected_value,ev_short_5,0.286
expected_value,prob_long,0.581
expected_value,prob_short,0.3845
expected_value,expected_value_score,0.521
alignment,E_norm,1.0
alignment,jerk,0.0
alignment,lambda_dynamic,0.0
alignment,close,0.0
alignment,terrain_attractor_E,1.0
alignment,terrain_attractor_jerk,0.0
alignment,terrain_cov_11,1.0
alignment,terrain_cov_12,0.9975
alignment,terrain_cov_22,0.0
alignment,terrain_fisher_proxy_11,1.0
alignment,terrain_fisher_proxy_12,1.0
alignment,terrain_fisher_proxy_22,0.082
alignment,terrain_informational_displacement_raw,0.993
alignment,terrain_informational_displacement,0.993
alignment,terrain_log_density,1.0
alignment,terrain_grad_logp_E,1.0
alignment,terrain_grad_logp_jerk,1.0
alignment,terrain_curvature,1.0
alignment,terrain_hessian_trace,1.0
alignment,terrain_hessian_maxeig_abs,0.992
alignment,terrain_basin_depth,1.0
alignment,terrain_regime_hysteresis,1.0
alignment,terrain_informational_displacement_w,0.9955
alignment,terrain_curvature_w,1.0
alignment,terrain_basin_depth_w,1.0
alignment,terrain_regime_hysteresis_w,1.0
alignment,terrain_z_disp,1.0
alignment,terrain_z_curv,1.0
alignment,terrain_z_basin,1.0
alignment,terrain_z_hyst,1.0
alignment,terrain_transition_score_raw,1.0
alignment,terrain_transition_score,1.0
alignment,terrain_state,0.0
alignment,dE_real,1.0
alignment,dJ_real,0.0
alignment,real_move_mag,1.0
alignment,force_x_local,0.974
alignment,force_y_local,0.9259999999999999
alignment,force_mag_local,0.974
alignment,force_dot_move,0.974
alignment,force_alignment_cos,0.9605
alignment,force_alignment_cos_raw,0.9605
alignment,force_mag_inlier,0.007
alignment,force_alignment_valid,0.0
alignment,force_alignment_low_confidence,0.007
alignment,force_alignment_cos_live,0.9485
alignment,aligned_positive,0.069
alignment,aligned_strong,0.0655
alignment,aligned_very_strong,0.054
alignment,anti_aligned,0.072
edge,E_norm,1.0
edge,jerk,0.0
edge,lambda_dynamic,0.0
edge,close,0.0
edge,terrain_attractor_E,1.0
edge,terrain_attractor_jerk,0.0
edge,terrain_cov_11,1.0
edge,terrain_cov_12,0.9975
edge,terrain_cov_22,0.0
edge,terrain_fisher_proxy_11,1.0
edge,terrain_fisher_proxy_12,1.0
edge,terrain_fisher_proxy_22,0.082
edge,terrain_informational_displacement_raw,0.993
edge,terrain_informational_displacement,0.993
edge,terrain_log_density,1.0
edge,terrain_grad_logp_E,1.0
edge,terrain_grad_logp_jerk,1.0
edge,terrain_curvature,1.0
edge,terrain_hessian_trace,1.0
edge,terrain_hessian_maxeig_abs,0.992
edge,terrain_basin_depth,1.0
edge,terrain_regime_hysteresis,1.0
edge,terrain_informational_displacement_w,0.9955
edge,terrain_curvature_w,1.0
edge,terrain_basin_depth_w,1.0
edge,terrain_regime_hysteresis_w,1.0
edge,terrain_z_disp,1.0
edge,terrain_z_curv,1.0
edge,terrain_z_basin,1.0
edge,terrain_z_hyst,1.0
edge,terrain_transition_score_raw,1.0
edge,terrain_transition_score,1.0
edge,terrain_state,0.0
edge,dE_real,1.0
edge,dJ_real,0.0
edge,real_move_mag,1.0
edge,force_x_local,0.974
edge,force_y_local,0.926
edge,force_mag_local,0.974
edge,force_dot_move,0.974
edge,force_alignment_cos,0.9605
edge,force_alignment_cos_raw,0.9605
edge,force_mag_inlier,0.007
edge,force_alignment_valid,0.0
edge,force_alignment_low_confidence,0.007
edge,force_alignment_cos_live,0.9485
edge,aligned_positive,0.069
edge,aligned_strong,0.0655
edge,aligned_very_strong,0.054
edge,anti_aligned,0.072
edge,expected_value_score,0.521
edge,edge_score,0.663
edge,edge_valid_long,0.048
edge,edge_valid_short,0.029
edge,edge_strong_long,0.035
edge,edge_strong_short,0.0145
edge,edge_direction,0.0
