multiplicador_h,grandeza,confiabilidade,mediana_abs
0.5,phi,0.8166409139047552,3.0376476871725937
0.5,|∇φ|,0.6472690498098924,3.3709894918915313
0.5,H indefinida (0/1),0.19583736295016005,1.0
0.5,H slog det,0.10662771923123664,6.629431367076934
0.5,H slog R,0.08177312106112951,2.1652900374748096
0.5,F slog R,-0.01637336943145459,2.682679678677189
0.5,Fref slog R,0.10730195844027986,5.611386219075327
0.5,ΔF,0.04074135930522836,4.863333766463919
1.0,phi,0.9507309154672823,3.2644380444734953
1.0,|∇φ|,0.8648578968384867,1.5444537736314903
1.0,H indefinida (0/1),0.16485660541340785,0.0
1.0,H slog det,0.04186183787912984,2.117362138709776
1.0,H slog R,0.024724387576173193,1.3686028959602101
1.0,F slog R,0.3148978280872931,2.2289099280481497
1.0,Fref slog R,0.6068751193597111,2.758988247765933
1.0,ΔF,0.22799440962516707,1.407908975535765
2.0,phi,0.9912238059688535,3.789278766320036
2.0,|∇φ|,0.9565053212729386,0.9090620670573519
2.0,H indefinida (0/1),0.08103458599622594,0.0
2.0,H slog det,0.6453054740533689,0.43795630217606785
2.0,H slog R,0.2960615635688119,0.366324274586342
2.0,F slog R,0.9663544505981007,2.035146403548953
2.0,Fref slog R,0.9421917047170956,1.5092737000937224
2.0,ΔF,0.7736175975277347,0.7090928646001513
3.0,phi,0.9942308026181006,4.204342857851323
3.0,|∇φ|,0.9836090904355977,0.6695995635158551
3.0,H indefinida (0/1),-0.005929629644230021,0.0
3.0,H slog det,0.8734387749787321,0.13502098944045685
3.0,H slog R,0.5675098526016076,0.06541393902351235
3.0,F slog R,0.9919052414104409,2.2520157935427525
3.0,Fref slog R,0.9813573152311671,1.0377653611626065
3.0,ΔF,0.9477621139255888,1.1858699822401897
4.0,phi,0.9947299432281809,4.645024626639525
4.0,|∇φ|,0.9933045712599174,0.4719804225617164
4.0,H indefinida (0/1),,0.0
4.0,H slog det,0.9611998472195695,0.04458867026746728
4.0,H slog R,0.8389268910918591,0.018776287317635944
4.0,F slog R,0.992147433115158,2.3227826468897135
4.0,Fref slog R,0.981031788746332,0.6698934247692087
4.0,ΔF,0.9639021510790114,1.636639744831841
