origin,volr,maxh,volume,trend,n_alarm,a_m11,a_fr_cov,a_energy,pit_e,pit_f,vt
0,1.2738978228892337,2.22796626525049,0.3720691355014588,1.5042527006170658,0,False,False,False,0.4,0.925,2
1,1.0686505224283076,2.3836979610534774,0.3763315455144453,0.6692438792113694,0,False,False,False,0.45,0.55,1
2,0.8670347778891859,2.148263952088703,-0.17829667887372166,1.0088498756616735,0,False,False,False,0.2,0.2,0
3,0.9020398511695752,2.0522535076779502,-0.06158697708399726,0.4076998394187505,0,False,False,False,0.225,0.6,1
4,0.6321447964542527,1.1700846646458158,-0.5741776198706346,0.5936923427487263,1,True,False,False,0.525,0.125,0
5,0.5708092446071421,1.71784386556976,-0.6273242820409067,0.5092398449689505,0,False,False,False,0.65,0.675,0
6,1.5117177012688183,4.927850228664104,0.2714439106788419,0.4789375988661828,0,False,False,False,0.875,0.775,2
7,1.0685617185007528,1.0589624628533414,0.05112319764350981,0.9616677634560761,0,False,False,False,0.5,0.325,1
8,0.9217045554272341,2.234928352775963,0.16055882637135205,0.8733575675189422,0,False,False,False,0.125,0.425,1
9,1.1187589330669077,3.1797567354815772,0.33349536582888634,1.2073672475511334,2,False,True,True,0.05,0.025,2
10,1.0930066671194942,3.246315235061457,0.08882853993043878,1.7249044348863176,0,False,False,False,0.375,0.225,1
11,0.6820265483223319,1.598503169794719,-0.2983866676405869,0.5816245490776392,2,False,True,True,0.05,0.025,0
12,1.0111111770830234,0.9675718790439065,-0.6690890955855261,0.8728643018812656,0,False,False,False,0.775,0.75,1
13,1.2873837131111274,2.347541368741314,0.20041145343347103,0.17993664258809117,1,,False,True,0.05,0.525,2
14,0.9473225592784644,2.05810549668279,-0.22963528964293797,0.12794019437089837,0,False,False,False,0.425,0.65,1
15,0.9499914620334141,2.154045052645839,0.023933156413801403,0.8225080444288103,0,False,False,False,0.425,0.8,1
16,0.8952990689534631,2.9902814256140386,-0.32428236076873673,0.09327952024690342,1,False,False,True,0.05,0.45,0
17,1.0094492258379846,2.367111124747229,0.08127698381699244,1.7850411875937136,0,False,False,False,0.225,0.45,1
18,1.1304990104175165,4.424966111034603,0.24548945437939895,1.0220066533373195,0,False,False,False,0.075,0.15,2
19,0.9710769142095865,2.7268203708566783,-0.25881803194271596,0.3411652324301366,1,False,True,False,0.4,0.025,1
20,0.6999953181501839,1.0629097820790134,-0.18311463344722728,0.33549854173818344,0,False,False,False,0.325,0.925,0
21,1.1329417558646098,2.912194881238531,0.4738508210392885,0.8808559850162342,0,False,False,False,0.175,0.375,2
22,1.3803092539386388,3.8171504478431,0.7041242856298642,2.0228457712197763,1,True,False,False,0.825,0.25,2
23,1.0671345524345819,2.412250170560905,0.002925821483304605,0.1554483780564993,2,True,True,False,0.6,0.025,1
24,0.8991071174582602,2.775283049716426,-0.13357693701056553,0.029935114826272948,0,False,False,False,0.475,0.7,0
25,0.5026122730255794,1.0350473122529467,-0.9687043681584038,0.23503300769587135,0,,False,False,0.825,0.825,0
26,1.1232274434682326,2.2254068192969774,0.15490831002643257,2.060133296344846,0,False,False,False,0.35,0.075,2
27,1.5757153115831786,4.659673015578146,0.762399864497902,3.7361297935656133,0,,False,False,0.7,0.45,2
28,1.9938858244283666,3.292480389541558,0.7130202052149419,1.4245985254798945,0,,False,False,0.575,0.95,2
29,1.8078734236824059,4.736577091980649,0.6416375341189215,1.6819037660802747,0,,False,False,0.475,0.825,2
30,1.4003598684116465,4.006571054415847,0.2619157966143596,1.3414881803069019,1,True,False,False,0.45,0.75,2
31,0.9751079072598776,3.08444961231212,-0.31143761803971165,0.05372286617145375,0,False,False,False,0.675,0.625,1
32,0.6157819765171415,1.4282923502685128,-0.6267579130565816,0.3510168293213965,0,,False,False,0.575,0.475,0
33,0.9246888776367621,2.601882700029361,-0.19325212723947646,0.7960753070570235,0,,False,False,0.975,0.7,1
34,0.7313862602211196,1.916379095933303,-0.34690283541480027,0.7559472549374181,0,False,False,False,0.425,0.35,0
35,1.018087743629545,2.2217994463768544,-0.35671197994482645,0.30667322100274164,0,False,False,False,0.95,0.775,1
36,0.8029023753664309,3.4637067167421374,-0.20862000849688375,1.0660456308212887,0,False,False,False,0.475,0.675,0
37,0.736477750265148,2.7890988825441467,-0.18678204767343037,0.013389856066132915,1,False,True,False,0.125,0.025,0
38,0.4655186650874018,0.8195146409841396,-0.5073811614907534,0.5833403457590195,0,False,False,False,0.9,0.35,0
39,0.9223052907885376,4.018700160597813,-0.06348652691080008,0.7621550845300794,0,,False,False,0.125,0.25,1
40,0.9607679808886587,2.5273189705125443,0.2653503932584402,0.3117000409739214,0,,False,False,0.075,0.15,1
41,1.1393202767965975,1.9620653999255528,0.012806118163360984,0.28345502090865154,0,False,False,False,0.15,0.125,2
42,1.5164122370839532,2.972339410963759,0.21461375093483784,1.503919226895638,0,False,False,False,0.075,0.625,2
43,0.9021968876989981,2.3468714576249967,-0.05654508806920234,0.7744446588655329,2,False,True,True,0.05,0.05,1
44,0.7589096322617798,1.0559146028428399,-0.18350216598434504,0.5497342111408074,0,False,False,False,0.425,0.125,0
45,0.63055407067909,3.4635622512433124,-0.5561253427952746,0.2749376087494643,0,,False,False,0.775,0.375,0
46,1.1226302107762225,2.081424069229001,-0.18051453631321743,0.1510212227750264,0,False,False,False,0.525,0.175,2
47,1.170857736805547,3.6951202842035924,0.6120340378820638,1.5190638803523537,0,False,False,False,0.275,0.525,2
48,1.0832049577341618,2.855377498461527,0.1394020027900427,0.23988697164982975,0,False,False,False,0.725,0.75,1
49,1.5695700878373613,5.283652038808764,0.7693871354657831,1.1840618774736915,0,False,False,False,1.0,0.85,2
50,1.8401635699953485,6.021654807470031,0.6446296740955217,0.9613281664209732,0,,False,False,0.65,0.825,2
51,0.6801080731228395,0.564056049648642,-0.8062913296069101,0.3926446979289368,0,False,False,False,0.3,0.875,0
52,0.4845677806360378,0.7445161043985756,-1.2154940903052638,0.45648343668989033,0,,False,False,0.75,0.65,0
53,1.0270139874090853,2.4985549268204585,0.016154376930990883,0.426264486010798,0,,False,False,0.8,0.875,1
54,0.9388825042427555,2.0904920249972463,0.17217170408803428,1.2946734289114188,0,,False,False,0.45,0.2,1
55,1.083011118927669,6.456213063021123,0.39875818540779356,1.19807855288844,0,False,False,False,0.225,0.6,1
56,1.0890120019264635,2.6947711085169326,0.19678620371954259,0.7672032146981498,0,False,False,False,0.825,0.725,1
57,0.6747969315529591,1.372892730975814,-0.523951373111919,0.7213199188261832,0,False,False,False,0.775,0.425,0
58,0.5601714205688524,1.2818443622909281,-0.8499379410159632,0.3957047825287788,0,False,False,False,0.425,0.925,0
59,0.64951064955553,2.7957071166006533,-0.6109640391877,0.4767717858119561,1,True,False,False,0.35,0.525,0
60,1.509995938922875,7.616002913267067,0.528206789381623,0.21423708742456044,1,False,False,True,0.025,0.25,2
61,1.1459714139251946,2.442065331592102,0.22995788168529324,0.48963610417270265,0,False,False,False,0.3,0.425,2
62,1.089517320903941,2.438964764746996,0.1987519067490599,1.0905626426233097,0,False,False,False,0.1,0.2,1
63,0.9000928233200362,1.7774327215942154,-0.02828151462115712,1.1875506904745359,0,False,False,False,0.2,0.425,1
64,0.7198383820409794,1.173610100269011,-0.150321557980543,0.170725528853993,2,,True,True,0.025,0.025,0
65,0.5345581328691585,0.982627906388461,-0.32254439958428277,0.14459411725374982,0,,False,False,0.625,0.775,0
66,0.9309986804078085,3.2136829313608004,-0.018736004635932405,1.1030979484266,0,,False,False,0.075,0.225,1
67,1.1354192910133876,3.126898269415552,0.33295699055561645,0.12369883354072483,0,,False,False,0.3,0.375,2
68,1.482892537834564,5.879073123702832,0.3386390006961707,2.1216870287664373,0,False,False,False,0.575,0.575,2
69,1.0082922391791873,3.599331417198252,0.1983340834685753,0.40037784719880165,0,False,False,False,0.725,0.875,1
70,0.8864314107199145,2.6111255141451784,-0.1883836591893433,0.8134520811685425,0,False,False,False,0.3,0.725,0
71,0.7722216936183218,2.183172721365337,-0.4311943115906272,0.7717624305122844,0,,False,False,0.45,0.65,0
72,0.5331556445929553,1.140661379549338,-0.6397182703730415,0.3018289708590625,0,,False,False,0.75,0.8,0
73,1.2810029220244943,2.122289261316093,0.11135316487306579,0.34624311406482333,0,False,False,False,0.475,0.725,2
74,1.2434266612476748,4.247652966776516,0.4415730777676759,2.2129228256384517,0,,False,False,0.225,0.225,2
75,1.1167653210599315,1.5958068180223213,0.3429263711180467,0.8510845507492657,0,,False,False,0.15,0.575,2
76,0.9041428119740815,1.6341377328952873,-0.26389289914306613,1.1246310602121632,0,False,False,False,0.1,0.575,1
77,0.9107245756266912,3.0728391633345016,-0.13341761787959014,0.6621121912445637,0,False,False,False,0.275,0.7,1
78,0.47522527616292776,0.8471543373535608,-0.5880711514693805,0.31514524820124035,1,True,False,False,0.5,0.125,0
79,0.5150372618670614,1.2233693459474417,-0.7714670520751509,0.368272376061908,0,,False,False,0.45,0.675,0
80,1.590776198641635,3.5128638782630817,0.1962981570851878,0.3026225660011408,0,,False,False,0.25,0.425,2
81,1.4030601279790997,5.353379732621103,0.20418305390706618,1.1769345388600028,0,,False,False,0.725,0.75,2
82,1.3942786084192549,2.8101599832709803,0.3975139392603266,0.19615841408061288,1,,True,False,0.2,0.025,2
83,0.7768974412860679,2.4387975204877614,0.14292669161684407,0.7030819424725769,1,,False,True,0.05,0.2,0
