camada,coluna,n,media,dp,cv,frac_distintos,frac_saturado_1e6,frac_moda
input,timestamp,4000,1785422370000.0,69290692.0155947,3.880913176616842e-05,1.0,1.0,0.00025
input,open,4000,64105.604567500006,621.8512737629336,0.009700419767637558,0.8545,0.0,0.00175
input,high,4000,64120.22417,621.4555536832559,0.009692036509972418,0.77075,0.0,0.002
input,low,4000,64090.413145,623.0160090549389,0.009720892384410278,0.7585,0.0,0.0025
input,close,4000,64105.3450475,622.140945236795,0.009704977717159289,0.85775,0.0,0.00175
input,volume,4000,12.7996629925,23.437226055362412,1.831081495590589,0.99925,0.0,0.0005
input,ret_1m,4000,-3.954996469083622e-06,0.00046240841151339555,1.4721231106703871,0.96975,0.0,0.03
input,ret_fwd_1m,4000,-3.954996484631101e-06,0.00046240841151338525,1.4721231106678299,0.97125,0.0,0.01175
input,ret_fwd_3m,4000,-1.2265501422759617e-05,0.0008059701411189472,1.4511029629466412,0.99525,0.0,0.001
input,ret_fwd_5m,4000,-2.0524717429596466e-05,0.0010455498423291704,1.4562758756631664,0.996,0.0,0.00125
input,memory_close,4000,64110.037867029925,609.1008522485175,0.009500865582264173,1.0,0.0,0.00025
input,memory_flux,4000,-0.24699050157719465,5.029913824421339,1.4573138573309292,1.0,0.0,0.00025
input,velocity,4000,-3.954996469083622e-06,0.00046240841151339555,1.4721231106703871,0.96975,0.0,0.03
input,acceleration,4000,1.3807786773178953e-08,0.0006519626354066547,1.4338920802743207,0.99575,0.0,0.0045
input,jerk,4000,-2.0073489492306029e-07,0.0011295073696293862,1.4281443161235734,0.99925,0.0,0.001
input,E_raw,4000,-7.405150346744699e-05,0.001493209730564376,1.4592045203950337,1.0,0.0,0.00025
input,E_norm,4000,0.014469222164642687,1.4806523380010115,1.4632074917267626,1.0,0.0,0.00025
input,lambda_dynamic,4000,2907.5372253620963,1232.6538106686103,0.4239511707421387,0.996,0.0,0.0025
input,input_valid,4000,0.99625,0.06112995761432756,0.06136005783119454,0.0005,0.0,0.99625
info,timestamp,4000,1785422370000.0,69290692.0155947,3.880913176616842e-05,1.0,1.0,0.00025
info,open,4000,64105.604567500006,621.8512737629336,0.009700419767637558,0.8545,0.0,0.00175
info,high,4000,64120.22417,621.4555536832559,0.009692036509972418,0.77075,0.0,0.002
info,low,4000,64090.413145,623.0160090549389,0.009720892384410278,0.7585,0.0,0.0025
info,close,4000,64105.3450475,622.140945236795,0.009704977717159289,0.85775,0.0,0.00175
info,volume,4000,12.7996629925,23.437226055362412,1.831081495590589,0.99925,0.0,0.0005
info,ret_1m,4000,-3.954996469083622e-06,0.00046240841151339555,1.4721231106703871,0.96975,0.0,0.03
info,ret_fwd_1m,4000,-3.954996484631101e-06,0.00046240841151338525,1.4721231106678299,0.97125,0.0,0.01175
info,ret_fwd_3m,4000,-1.2265501422759617e-05,0.0008059701411189472,1.4511029629466412,0.99525,0.0,0.001
info,ret_fwd_5m,4000,-2.0524717429596466e-05,0.0010455498423291704,1.4562758756631664,0.996,0.0,0.00125
info,memory_close,4000,64110.037867029925,609.1008522485175,0.009500865582264173,1.0,0.0,0.00025
info,memory_flux,4000,-0.24699050157719465,5.029913824421339,1.4573138573309292,1.0,0.0,0.00025
info,velocity,3999,-3.955985465449984e-06,0.00046246623363304095,1.4719391163336655,0.9699924981245311,0.0,0.02975743935983996
info,acceleration,3998,1.3814694120239073e-08,0.0006521257280008541,1.4335336520968498,0.996248124062031,0.0,0.00400200100050025
info,jerk,3997,-2.008855590923796e-07,0.0011299312793211487,1.4276087955063084,1.0,0.0,0.0002501876407305479
info,E_raw,4000,-7.405150346744699e-05,0.001493209730564376,1.4592045203950337,1.0,0.0,0.00025
info,E_norm,3998,6.390493259182113e-07,1.6111171199495022e-06,2.521115436018316,0.996248124062031,0.0,0.00400200100050025
info,lambda_dynamic,4000,2907.5372253620963,1232.6538106686103,0.4239511707421387,0.996,0.0,0.0025
info,input_valid,4000,0.99625,0.06112995761432756,0.06136005783119454,0.0005,0.0,0.99625
info,ret,3999,-3.955985465449984e-06,0.00046246623363304095,1.4719391163336655,0.9699924981245311,0.0,0.02975743935983996
info,information_density,4000,1.286218218642443,0.12928595811946683,0.10051634803923358,0.99025,0.0,0.01
info,information_gradient,4000,0.0003248056135979599,0.020542414094977,61.99060943334561,0.99025,0.0,0.01
info,information_acceleration,4000,-1.2277280858619121e-12,0.029055130783281244,44.03959269417881,0.99025,0.0,0.01
geodesic,timestamp,3997,1785422460000.0,69238730.49096149,3.8780026599957464e-05,1.0,1.0,0.0002501876407305479
geodesic,open,3997,64105.741593695275,622.0645226559171,0.009703725550803026,0.8543907930948211,0.0,0.0017513134851138354
geodesic,high,3997,64120.3525769327,621.6705984523835,0.009695370868500643,0.7708281210908181,0.0,0.0020015011258443832
geodesic,low,3997,64090.55330998248,623.2286699245255,0.009724189256257428,0.7585689266950213,0.0,0.002501876407305479
geodesic,close,3997,64105.46591443582,622.3581508361627,0.009708347672987035,0.8581436077057794,0.0,0.0017513134851138354
geodesic,volume,3997,12.802883867900928,23.445574618054074,1.8312729272532289,0.9992494370778083,0.0,0.0005003752814610958
geodesic,ret_1m,3997,-4.239759512006765e-06,0.00046229590714501106,1.47198067250013,0.9699774831123342,0.0,0.0297723292469352
geodesic,ret_fwd_1m,3997,-4.134586101461786e-06,0.0004622490271097971,1.4723244541021079,0.971228421315987,0.0,0.011758819114335751
geodesic,ret_fwd_3m,3997,-1.2339177208068843e-05,0.0008061397087663436,1.4512438413702307,0.9952464348261196,0.0,0.0010007505629221916
geodesic,ret_fwd_5m,3997,-2.071163343618367e-05,0.001045871561495378,1.4562690893956571,0.9959969977483112,0.0,0.0012509382036527395
geodesic,memory_close,3997,64110.180933811534,609.307048723419,0.009504060663196041,1.0,0.0,0.0002501876407305479
geodesic,memory_flux,3997,-5.309206228585392e-10,7.448800978661432e-08,2.4060252851116743,1.0,0.0,0.0002501876407305479
geodesic,velocity,3997,-4.239759512006765e-06,0.00046229590714501106,1.47198067250013,0.9699774831123342,0.0,0.0297723292469352
geodesic,acceleration,3997,-2.1372564908560233e-07,0.0006520485732312344,1.4337224916645552,0.9962471853890418,0.0,0.0040030022516887665
geodesic,jerk,3997,-2.008855590923796e-07,0.0011299312793211487,1.4276087955063084,1.0,0.0,0.0002501876407305479
geodesic,E_raw,3997,-7.439927899411579e-05,0.0014936583483442802,1.4589644712134913,1.0,0.0,0.0002501876407305479
geodesic,E_norm,3997,6.387430277625663e-07,1.611202274046649e-06,2.5224577083690147,0.9962471853890418,0.0,0.0040030022516887665
geodesic,lambda_dynamic,3997,2909.719514998346,1230.5383758510475,0.4229061837431939,0.9967475606705029,0.0,0.0017513134851138354
geodesic,input_valid,3997,0.9969977483112334,0.05471733941051835,0.054882109315895065,0.0005003752814610958,0.0,0.9969977483112334
geodesic,ret,3997,-4.239759512006765e-06,0.00046229590714501106,1.47198067250013,0.9699774831123342,0.0,0.0297723292469352
geodesic,information_density,3997,1.2871836063472033,0.1244365921410348,0.09667353711423002,0.9909932449337002,0.0,0.009256942707030274
geodesic,information_gradient,3997,0.0003250494006484462,0.02055012183611996,61.96735859440341,0.9909932449337002,0.0,0.009256942707030274
geodesic,information_acceleration,3997,-1.2286495730416935e-12,0.029066035317642746,44.02307888051724,0.9909932449337002,0.0,0.009256942707030274
geodesic,rho_field,3997,1.2992111937377249,1.1636180195148157e-05,8.956342318504672e-06,0.9957468101075807,0.0,0.002501876407305479
geodesic,phi_field,3997,-0.26175730698730587,8.956487803644517e-06,3.421676325573929e-05,0.9957468101075807,0.0,0.002501876407305479
geodesic,grad_phi_e,3997,-4.4802244436916966e-07,8.931532887921291e-06,1.6563493660181074,0.9957468101075807,0.0,0.002501876407305479
geodesic,grad_phi_j,3997,8.137864864121902e-06,0.008728787103748761,1.3749164695363612,0.9957468101075807,0.0,0.002501876407305479
geodesic,grad_phi_norm,3997,0.006350358395582693,0.005987908458556993,0.9429244911156793,0.9957468101075807,0.0,0.002501876407305479
geodesic,hess_phi_ee,3997,7.950404332643237,11.928728557881291,1.1376023776115827,0.9957468101075807,0.0,0.002501876407305479
geodesic,hess_phi_ej,3997,0.0004864793411650408,0.017883266728246756,2.5123938121505494,0.9957468101075807,0.0,0.002501876407305479
geodesic,hess_phi_jj,3997,8.163180254381729,1.3420306177582587e-05,1.644004635372226e-06,0.9957468101075807,0.0,0.002501876407305479
geodesic,g_ee,3997,7.950405332643238,11.928728557881291,1.1376023033220806,0.9957468101075807,0.0,0.002501876407305479
geodesic,g_ej,3997,0.0004864793411650408,0.017883266728246756,2.5123938121505494,0.9957468101075807,0.0,0.002501876407305479
geodesic,g_jj,3997,8.16318125438173,1.3420306177598771e-05,1.6440044339815667e-06,0.9957468101075807,0.0,0.002501876407305479
geodesic,g_trace,3997,16.113586587024965,11.928735715176026,0.6876184691564093,0.9957468101075807,0.0,0.002501876407305479
geodesic,g_det,3997,64.90035457092067,97.3784296399127,1.1376231924438256,0.9957468101075807,0.0,0.002501876407305479
geodesic,g_det_safe,3997,64.90035457092067,97.3784296399127,1.1376231924438256,0.9957468101075807,0.0,0.002501876407305479
geodesic,g_inv_ee,3997,-605.5434055471205,49856.5854854779,44.864505478173946,0.9957468101075807,0.0002501876407305479,0.002501876407305479
geodesic,g_inv_ej,3997,-0.38097308035040844,17.41419437390704,39.91523566881407,0.9957468101075807,0.0,0.002501876407305479
geodesic,g_inv_jj,3997,0.1222600984416833,0.006710620132787836,0.05482937539424286,0.9957468101075807,0.0,0.002501876407305479
geodesic,field_curvature,3997,16.113586587024965,11.928735715176026,0.6876184691564093,0.9957468101075807,0.0,0.002501876407305479
geodesic,dE_g_ee,3997,-12696859.201309277,235131121.39957508,1.4365574506865417,0.9957468101075807,0.9969977483112334,0.002501876407305479
geodesic,dJ_g_ee,3997,-1123.6693630948068,581083.8043034595,3.305755905125219,0.9957468101075807,0.008756567425569177,0.002501876407305479
geodesic,dE_g_ej,3997,-1123.6693630949183,581083.8043034583,3.3057559051252148,0.9957468101075807,0.008756567425569177,0.002501876407305479
geodesic,dJ_g_ej,3997,-25.08805186658357,525.1154482083851,2.93755704652109,0.9957468101075807,0.0,0.002501876407305479
geodesic,dE_g_jj,3997,-25.089111390994443,525.19012263646,2.9379738682769947,0.9957468101075807,0.0,0.002501876407305479
geodesic,dJ_g_jj,3997,0.003905340658592965,0.30718192408207634,1.3816942668328698,0.9957468101075807,0.0,0.002501876407305479
geodesic,gamma_e_ee,3997,-11147.613499421985,622033.2415491907,1.1716262943645368,0.9352014010507881,0.07030272704528397,0.03477608206154616
geodesic,gamma_e_ej,3997,6468.005847103571,90540.6824965312,2.9698049268607467,0.9957468101075807,0.0,0.002501876407305479
geodesic,gamma_e_jj,3997,252.60150058363183,23203.566210401288,15.00170011402714,0.9957468101075807,0.0,0.002501876407305479
geodesic,gamma_j_ee,3997,12923.02329141463,98154.09546308701,2.5394788685402547,0.9957468101075807,0.0,0.002501876407305479
geodesic,gamma_j_ej,3997,-850.3672886059675,23234.21098332341,14.136067501379152,0.9957468101075807,0.0,0.002501876407305479
geodesic,gamma_j_jj,3997,10.715541346133302,1871.8462289988609,30.501118805862856,0.9957468101075807,0.0,0.002501876407305479
geodesic,mem_e,3997,6.488305195968782e-07,7.059448402187226e-07,1.0880265630188448,1.0,0.0,0.0002501876407305479
geodesic,mem_j,3997,-1.1385266712724694e-05,0.00011962867792802584,3.5015987605566896,1.0,0.0,0.0002501876407305479
geodesic,geom_incoherence,3997,9.989716851159958e-06,2.6395487111486533e-05,2.6422657923904636,1.0,0.0,0.0002501876407305479
geodesic,geom_incoherence_abs,3997,9.989716851159958e-06,2.6395487111486533e-05,2.6422657923904636,1.0,0.0,0.0002501876407305479
geodesic,vel_e,3997,-5.522299925709945e-10,1.6196220071031276e-06,2.631184645005095,0.9992494370778083,0.0,0.0005003752814610958
geodesic,vel_j,3997,6.027437840886032e-07,0.002061420070337923,1.420820970278848,1.0,0.0,0.0002501876407305479
geodesic,acc_obs_e,3997,5.15082518346256e-10,2.578435610375435e-06,2.500022432194149,0.9992494370778083,0.0,0.0010007505629221916
geodesic,acc_obs_j,3997,-9.33696602909474e-07,0.00385060508909306,1.4162975033124692,0.9997498123592694,0.0,0.0005003752814610958
geodesic,acc_geo_e,3997,0.0044785312696832835,0.18612617764191494,29.189328830902493,1.0,0.0,0.0002501876407305479
geodesic,acc_geo_j,3997,0.0004737029237266214,0.03847987175761915,51.88153012527668,1.0,0.0,0.0002501876407305479
geodesic,acc_geo_norm,3996,0.00663303743681441,0.1900236310096178,28.648056462783778,1.0,0.0,0.00025025025025025025
geodesic,geo_resid_e,3997,-0.004478530754600768,0.18612619394717353,29.189149319165406,1.0,0.0,0.0002501876407305479
geodesic,geo_resid_j,3997,-0.00047463662032953076,0.038758994859801325,11.23699160614836,1.0,0.0,0.0002501876407305479
geodesic,geo_resid_norm,3996,0.009170404131085864,0.18997484749180377,20.716082385925223,1.0,0.0,0.00025025025025025025
geodesic,jerk_over_lambda,3997,1909.112888889183,51635.80787753794,27.04701653739409,1.0,0.0007505629221916438,0.0002501876407305479
geodesic,field_stress_geodesic,3996,665.3801989822128,17951.818766799508,26.97979109426339,1.0,0.0,0.00025025025025025025
geodesic,rupture_prob_geodesic,3997,0.8425737185702277,0.22276434625464278,0.26438558590772804,0.9987490617963473,0.0,0.0015011258443832875
geodesic,field_curvature_scalar,3997,95812.64624044896,546543.8256787137,1.1732482078484099,0.9884913685263947,0.015261446084563422,0.00825619214410808
geodesic,field_stress_tensor_norm,3997,1259.952857628362,0.23652727267035653,0.0001877270814049164,0.9962471853890418,0.0,0.002501876407305479
geodesic,field_einstein_norm,3997,330973409278842.4,1.0679219085679646e+16,32.2660938501029,0.9962471853890418,1.0,0.002501876407305479
geodesic,field_gravity,3997,175.17074046535345,1466.1100561740795,1.1917298427134186,0.9962471853890418,0.0,0.002501876407305479
geodesic,gravitational_stress_score,3997,12.351496750357477,89.89202345070352,0.995010925094421,0.9962471853890418,0.0,0.002501876407305479
geodesic,G_info_00,3997,-1774882976878.813,13312450771678.928,1.3590704525277033,0.9962471853890418,1.0,0.002501876407305479
geodesic,G_info_01,3997,5574510204.217452,493450025936.9694,6.603805833309007,0.9962471853890418,1.0,0.002501876407305479
geodesic,G_info_02,3997,-34463914348.22814,8234992043520.319,1.67578683892304,0.9962471853890418,1.0,0.002501876407305479
geodesic,G_info_10,3997,17814925821.655468,520525399384.9739,4.483017245433071,0.9962471853890418,1.0,0.002501876407305479
geodesic,G_info_11,3997,-4284499168.169129,46377689612.49046,9.880231801455883,0.9962471853890418,0.9874906179634726,0.002501876407305479
geodesic,G_info_12,3997,-4291565454.121339,213003227202.32806,5.010598005157671,0.9962471853890418,0.9997498123592694,0.002501876407305479
geodesic,G_info_20,3997,4775748038971.771,25682278410918.72,1.4012355370222311,0.9962471853890418,1.0,0.002501876407305479
geodesic,G_info_21,3997,194729764936.3138,2417412854345.3022,3.1652437142064564,0.9962471853890418,1.0,0.002501876407305479
geodesic,G_info_22,3997,-850475739733.9675,25774950665410.26,1.320688217009739,0.9962471853890418,1.0,0.002501876407305479
geodesic,T_info_00,3997,3552.567828587561,446.2378736022426,0.12558898796743975,0.9962471853890418,0.0,0.002501876407305479
geodesic,T_info_01,3997,-0.015503363383140295,0.6058908296967602,1.901413388338156,0.9962471853890418,0.0,0.002501876407305479
geodesic,T_info_02,3997,101.46038403974451,1366.7425530378873,1.8161555181532523,0.9962471853890418,0.0,0.002501876407305479
geodesic,T_info_10,3997,-0.015503363383140295,0.6058908296967602,1.901413388338156,0.9962471853890418,0.0,0.002501876407305479
geodesic,T_info_11,3997,3592.2280876068403,0.000558137625313385,1.5537365994073581e-07,0.9962471853890418,0.0,0.002501876407305479
geodesic,T_info_12,3997,-0.018532163477129923,1.4960370137776098,1.7697829313098672,0.9962471853890418,0.0,0.002501876407305479
geodesic,T_info_20,3997,101.46038403974451,1366.7425530378873,1.8161555181532523,0.9962471853890418,0.0,0.002501876407305479
geodesic,T_info_21,3997,-0.018532163477129923,1.4960370137776098,1.7697829313098672,0.9962471853890418,0.0,0.002501876407305479
geodesic,T_info_22,3997,2999.5396614594056,12768.113166859348,1.3063710146766325,0.9962471853890418,0.0,0.002501876407305479
geodesic,field_grid_n_3d_e,3997,48.0,0.0,0.0,0.0002501876407305479,0.0,1.0
geodesic,field_grid_n_3d_j,3997,48.0,0.0,0.0,0.0002501876407305479,0.0,1.0
geodesic,field_grid_n_3d_m,3997,32.0,0.0,0.0,0.0002501876407305479,0.0,1.0
geodesic,field_bandwidth_3d,3997,0.4500000000000001,1.110361932730126e-16,2.4674709616225017e-16,0.0002501876407305479,0.0,1.0
geodesic,kappa_info,3997,1.0,0.0,0.0,0.0002501876407305479,0.0,1.0
geodesic,geodesic_valid,3997,0.9997498123592694,0.015817320908755306,0.015821279197271013,0.0005003752814610958,0.0,0.9997498123592694
geodesic,field_grid_n,3997,200.0,0.0,0.0,0.0002501876407305479,0.0,1.0
geodesic,field_bandwidth,3997,0.35,0.0,0.0,0.0002501876407305479,0.0,1.0
geodesic,stress_valid,3997,0.9997498123592694,0.015817320908755306,0.015821279197271013,0.0005003752814610958,0.0,0.9997498123592694
singularity,timestamp,3997,1785422460000.0,69238730.49096149,3.8780026599957464e-05,1.0,1.0,0.0002501876407305479
singularity,open,3997,64105.741593695275,622.0645226559171,0.009703725550803026,0.8543907930948211,0.0,0.0017513134851138354
singularity,high,3997,64120.3525769327,621.6705984523835,0.009695370868500643,0.7708281210908181,0.0,0.0020015011258443832
singularity,low,3997,64090.55330998248,623.2286699245255,0.009724189256257428,0.7585689266950213,0.0,0.002501876407305479
singularity,close,3997,64105.46591443582,622.3581508361627,0.009708347672987035,0.8581436077057794,0.0,0.0017513134851138354
singularity,volume,3997,12.802883867900928,23.445574618054074,1.8312729272532289,0.9992494370778083,0.0,0.0005003752814610958
singularity,ret_1m,3997,-4.239759512006765e-06,0.00046229590714501106,1.47198067250013,0.9699774831123342,0.0,0.0297723292469352
singularity,ret_fwd_1m,3997,-4.134586101461786e-06,0.0004622490271097971,1.4723244541021079,0.971228421315987,0.0,0.011758819114335751
singularity,ret_fwd_3m,3997,-1.2339177208068843e-05,0.0008061397087663436,1.4512438413702307,0.9952464348261196,0.0,0.0010007505629221916
singularity,ret_fwd_5m,3997,-2.071163343618367e-05,0.001045871561495378,1.4562690893956571,0.9959969977483112,0.0,0.0012509382036527395
singularity,memory_close,3997,64110.180933811534,609.307048723419,0.009504060663196041,1.0,0.0,0.0002501876407305479
singularity,memory_flux,3997,-5.309206228585392e-10,7.448800978661432e-08,2.4060252851116743,1.0,0.0,0.0002501876407305479
singularity,velocity,3997,-4.239759512006765e-06,0.00046229590714501106,1.47198067250013,0.9699774831123342,0.0,0.0297723292469352
singularity,acceleration,3997,-2.1372564908560233e-07,0.0006520485732312344,1.4337224916645552,0.9962471853890418,0.0,0.0040030022516887665
singularity,jerk,3997,-2.008855590923796e-07,0.0011299312793211487,1.4276087955063084,1.0,0.0,0.0002501876407305479
singularity,E_raw,3997,-7.439927899411579e-05,0.0014936583483442802,1.4589644712134913,1.0,0.0,0.0002501876407305479
singularity,E_norm,3997,6.387430277625663e-07,1.611202274046649e-06,2.5224577083690147,0.9962471853890418,0.0,0.0040030022516887665
singularity,lambda_dynamic,3997,2909.719514998346,1230.5383758510475,0.4229061837431939,0.9967475606705029,0.0,0.0017513134851138354
singularity,input_valid,3997,0.9969977483112334,0.05471733941051835,0.054882109315895065,0.0005003752814610958,0.0,0.9969977483112334
singularity,ret,3997,-4.239759512006765e-06,0.00046229590714501106,1.47198067250013,0.9699774831123342,0.0,0.0297723292469352
singularity,information_density,3997,1.2871836063472033,0.1244365921410348,0.09667353711423002,0.9909932449337002,0.0,0.009256942707030274
singularity,information_gradient,3997,0.0003250494006484462,0.02055012183611996,61.96735859440341,0.9909932449337002,0.0,0.009256942707030274
singularity,information_acceleration,3997,-1.2286495730416935e-12,0.029066035317642746,44.02307888051724,0.9909932449337002,0.0,0.009256942707030274
singularity,rho_field,3997,1.2992111937377249,1.1636180195148157e-05,8.956342318504672e-06,0.9957468101075807,0.0,0.002501876407305479
singularity,phi_field,3997,-0.26175730698730587,8.956487803644517e-06,3.421676325573929e-05,0.9957468101075807,0.0,0.002501876407305479
singularity,grad_phi_e,3997,-4.4802244436916966e-07,8.931532887921291e-06,1.6563493660181074,0.9957468101075807,0.0,0.002501876407305479
singularity,grad_phi_j,3997,8.137864864121902e-06,0.008728787103748761,1.3749164695363612,0.9957468101075807,0.0,0.002501876407305479
singularity,grad_phi_norm,3997,0.006350358395582693,0.005987908458556993,0.9429244911156793,0.9957468101075807,0.0,0.002501876407305479
singularity,hess_phi_ee,3997,7.950404332643237,11.928728557881291,1.1376023776115827,0.9957468101075807,0.0,0.002501876407305479
singularity,hess_phi_ej,3997,0.0004864793411650408,0.017883266728246756,2.5123938121505494,0.9957468101075807,0.0,0.002501876407305479
singularity,hess_phi_jj,3997,8.163180254381729,1.3420306177582587e-05,1.644004635372226e-06,0.9957468101075807,0.0,0.002501876407305479
singularity,g_ee,3997,7.950405332643238,11.928728557881291,1.1376023033220806,0.9957468101075807,0.0,0.002501876407305479
singularity,g_ej,3997,0.0004864793411650408,0.017883266728246756,2.5123938121505494,0.9957468101075807,0.0,0.002501876407305479
singularity,g_jj,3997,8.16318125438173,1.3420306177598771e-05,1.6440044339815667e-06,0.9957468101075807,0.0,0.002501876407305479
singularity,g_trace,3997,16.113586587024965,11.928735715176026,0.6876184691564093,0.9957468101075807,0.0,0.002501876407305479
singularity,g_det,3997,64.90035457092067,97.3784296399127,1.1376231924438256,0.9957468101075807,0.0,0.002501876407305479
singularity,g_det_safe,3997,64.90035457092067,97.3784296399127,1.1376231924438256,0.9957468101075807,0.0,0.002501876407305479
singularity,g_inv_ee,3997,-605.5434055471205,49856.5854854779,44.864505478173946,0.9957468101075807,0.0002501876407305479,0.002501876407305479
singularity,g_inv_ej,3997,-0.38097308035040844,17.41419437390704,39.91523566881407,0.9957468101075807,0.0,0.002501876407305479
singularity,g_inv_jj,3997,0.1222600984416833,0.006710620132787836,0.05482937539424286,0.9957468101075807,0.0,0.002501876407305479
singularity,field_curvature,3997,16.113586587024965,11.928735715176026,0.6876184691564093,0.9957468101075807,0.0,0.002501876407305479
singularity,dE_g_ee,3997,-12696859.201309277,235131121.39957508,1.4365574506865417,0.9957468101075807,0.9969977483112334,0.002501876407305479
singularity,dJ_g_ee,3997,-1123.6693630948068,581083.8043034595,3.305755905125219,0.9957468101075807,0.008756567425569177,0.002501876407305479
singularity,dE_g_ej,3997,-1123.6693630949183,581083.8043034583,3.3057559051252148,0.9957468101075807,0.008756567425569177,0.002501876407305479
singularity,dJ_g_ej,3997,-25.08805186658357,525.1154482083851,2.93755704652109,0.9957468101075807,0.0,0.002501876407305479
singularity,dE_g_jj,3997,-25.089111390994443,525.19012263646,2.9379738682769947,0.9957468101075807,0.0,0.002501876407305479
singularity,dJ_g_jj,3997,0.003905340658592965,0.30718192408207634,1.3816942668328698,0.9957468101075807,0.0,0.002501876407305479
singularity,gamma_e_ee,3997,-11147.613499421985,622033.2415491907,1.1716262943645368,0.9352014010507881,0.07030272704528397,0.03477608206154616
singularity,gamma_e_ej,3997,6468.005847103571,90540.6824965312,2.9698049268607467,0.9957468101075807,0.0,0.002501876407305479
singularity,gamma_e_jj,3997,252.60150058363183,23203.566210401288,15.00170011402714,0.9957468101075807,0.0,0.002501876407305479
singularity,gamma_j_ee,3997,12923.02329141463,98154.09546308701,2.5394788685402547,0.9957468101075807,0.0,0.002501876407305479
singularity,gamma_j_ej,3997,-850.3672886059675,23234.21098332341,14.136067501379152,0.9957468101075807,0.0,0.002501876407305479
singularity,gamma_j_jj,3997,10.715541346133302,1871.8462289988609,30.501118805862856,0.9957468101075807,0.0,0.002501876407305479
singularity,mem_e,3997,6.488305195968782e-07,7.059448402187226e-07,1.0880265630188448,1.0,0.0,0.0002501876407305479
singularity,mem_j,3997,-1.1385266712724694e-05,0.00011962867792802584,3.5015987605566896,1.0,0.0,0.0002501876407305479
singularity,geom_incoherence,3997,9.989716851159958e-06,2.6395487111486533e-05,2.6422657923904636,1.0,0.0,0.0002501876407305479
singularity,geom_incoherence_abs,3997,9.989716851159958e-06,2.6395487111486533e-05,2.6422657923904636,1.0,0.0,0.0002501876407305479
singularity,vel_e,3997,-5.522299925709945e-10,1.6196220071031276e-06,2.631184645005095,0.9992494370778083,0.0,0.0005003752814610958
singularity,vel_j,3997,6.027437840886032e-07,0.002061420070337923,1.420820970278848,1.0,0.0,0.0002501876407305479
singularity,acc_obs_e,3997,5.15082518346256e-10,2.578435610375435e-06,2.500022432194149,0.9992494370778083,0.0,0.0010007505629221916
singularity,acc_obs_j,3997,-9.33696602909474e-07,0.00385060508909306,1.4162975033124692,0.9997498123592694,0.0,0.0005003752814610958
singularity,acc_geo_e,3997,0.0044785312696832835,0.18612617764191494,29.189328830902493,1.0,0.0,0.0002501876407305479
singularity,acc_geo_j,3997,0.0004737029237266214,0.03847987175761915,51.88153012527668,1.0,0.0,0.0002501876407305479
singularity,acc_geo_norm,3996,0.00663303743681441,0.1900236310096178,28.648056462783778,1.0,0.0,0.00025025025025025025
singularity,geo_resid_e,3997,-0.004478530754600768,0.18612619394717353,29.189149319165406,1.0,0.0,0.0002501876407305479
singularity,geo_resid_j,3997,-0.00047463662032953076,0.038758994859801325,11.23699160614836,1.0,0.0,0.0002501876407305479
singularity,geo_resid_norm,3996,0.009170404131085864,0.18997484749180377,20.716082385925223,1.0,0.0,0.00025025025025025025
singularity,jerk_over_lambda,3997,1909.112888889183,51635.80787753794,27.04701653739409,1.0,0.0007505629221916438,0.0002501876407305479
singularity,field_stress_geodesic,3996,665.3801989822128,17951.818766799508,26.97979109426339,1.0,0.0,0.00025025025025025025
singularity,rupture_prob_geodesic,3997,0.8425737185702277,0.22276434625464278,0.26438558590772804,0.9987490617963473,0.0,0.0015011258443832875
singularity,field_curvature_scalar,3997,95812.64624044896,546543.8256787137,1.1732482078484099,0.9884913685263947,0.015261446084563422,0.00825619214410808
singularity,field_stress_tensor_norm,3997,1259.952857628362,0.23652727267035653,0.0001877270814049164,0.9962471853890418,0.0,0.002501876407305479
singularity,field_einstein_norm,3997,330973409278842.4,1.0679219085679646e+16,32.2660938501029,0.9962471853890418,1.0,0.002501876407305479
singularity,field_gravity,3997,175.17074046535345,1466.1100561740795,1.1917298427134186,0.9962471853890418,0.0,0.002501876407305479
singularity,gravitational_stress_score,3997,12.351496750357477,89.89202345070352,0.995010925094421,0.9962471853890418,0.0,0.002501876407305479
singularity,G_info_00,3997,-1774882976878.813,13312450771678.928,1.3590704525277033,0.9962471853890418,1.0,0.002501876407305479
singularity,G_info_01,3997,5574510204.217452,493450025936.9694,6.603805833309007,0.9962471853890418,1.0,0.002501876407305479
singularity,G_info_02,3997,-34463914348.22814,8234992043520.319,1.67578683892304,0.9962471853890418,1.0,0.002501876407305479
singularity,G_info_10,3997,17814925821.655468,520525399384.9739,4.483017245433071,0.9962471853890418,1.0,0.002501876407305479
singularity,G_info_11,3997,-4284499168.169129,46377689612.49046,9.880231801455883,0.9962471853890418,0.9874906179634726,0.002501876407305479
singularity,G_info_12,3997,-4291565454.121339,213003227202.32806,5.010598005157671,0.9962471853890418,0.9997498123592694,0.002501876407305479
singularity,G_info_20,3997,4775748038971.771,25682278410918.72,1.4012355370222311,0.9962471853890418,1.0,0.002501876407305479
singularity,G_info_21,3997,194729764936.3138,2417412854345.3022,3.1652437142064564,0.9962471853890418,1.0,0.002501876407305479
singularity,G_info_22,3997,-850475739733.9675,25774950665410.26,1.320688217009739,0.9962471853890418,1.0,0.002501876407305479
singularity,T_info_00,3997,3552.567828587561,446.2378736022426,0.12558898796743975,0.9962471853890418,0.0,0.002501876407305479
singularity,T_info_01,3997,-0.015503363383140295,0.6058908296967602,1.901413388338156,0.9962471853890418,0.0,0.002501876407305479
singularity,T_info_02,3997,101.46038403974451,1366.7425530378873,1.8161555181532523,0.9962471853890418,0.0,0.002501876407305479
singularity,T_info_10,3997,-0.015503363383140295,0.6058908296967602,1.901413388338156,0.9962471853890418,0.0,0.002501876407305479
singularity,T_info_11,3997,3592.2280876068403,0.000558137625313385,1.5537365994073581e-07,0.9962471853890418,0.0,0.002501876407305479
singularity,T_info_12,3997,-0.018532163477129923,1.4960370137776098,1.7697829313098672,0.9962471853890418,0.0,0.002501876407305479
singularity,T_info_20,3997,101.46038403974451,1366.7425530378873,1.8161555181532523,0.9962471853890418,0.0,0.002501876407305479
singularity,T_info_21,3997,-0.018532163477129923,1.4960370137776098,1.7697829313098672,0.9962471853890418,0.0,0.002501876407305479
singularity,T_info_22,3997,2999.5396614594056,12768.113166859348,1.3063710146766325,0.9962471853890418,0.0,0.002501876407305479
singularity,field_grid_n_3d_e,3997,48.0,0.0,0.0,0.0002501876407305479,0.0,1.0
singularity,field_grid_n_3d_j,3997,48.0,0.0,0.0,0.0002501876407305479,0.0,1.0
singularity,field_grid_n_3d_m,3997,32.0,0.0,0.0,0.0002501876407305479,0.0,1.0
singularity,field_bandwidth_3d,3997,0.4500000000000001,1.110361932730126e-16,2.4674709616225017e-16,0.0002501876407305479,0.0,1.0
singularity,kappa_info,3997,1.0,0.0,0.0,0.0002501876407305479,0.0,1.0
singularity,geodesic_valid,3997,0.9997498123592694,0.015817320908755306,0.015821279197271013,0.0005003752814610958,0.0,0.9997498123592694
singularity,field_grid_n,3997,200.0,0.0,0.0,0.0002501876407305479,0.0,1.0
singularity,field_bandwidth,3997,0.35,0.0,0.0,0.0002501876407305479,0.0,1.0
singularity,stress_valid,3997,0.9997498123592694,0.015817320908755306,0.015821279197271013,0.0005003752814610958,0.0,0.9997498123592694
singularity,rigidity_inverse,3997,1751313.4855278134,41817267.788377635,23.877659901519394,0.9967475606705029,0.0017513134851138354,0.0017513134851138354
singularity,det_inverse,3997,0.1187952581770801,2.197951102120649,18.502010398801534,0.9957468101075807,0.0,0.002501876407305479
singularity,g_inv_norm,3997,1111.3298967809412,49847.879939379854,44.854259823089755,0.9957468101075807,0.0002501876407305479,0.002501876407305479
singularity,gamma_norm,3997,603304.4411571333,388622.33965967596,0.6441562719384284,0.9957468101075807,0.15586690017513136,0.002501876407305479
singularity,curvature_abs,3997,17.34789894432381,10.049003675017119,0.5792634432139766,0.9957468101075807,0.0,0.002501876407305479
singularity,curvature_scalar_abs,3997,465838.1935063908,301385.1120073592,0.6469738123849748,0.9877408056042032,0.015261446084563422,0.011508631473605204
singularity,einstein_norm_abs,3997,330973409278842.4,1.0679219085679646e+16,32.2660938501029,0.9962471853890418,1.0,0.002501876407305479
singularity,gravity_abs,3997,1230.2369241974604,816.2778478405394,0.6635127200177596,0.9962471853890418,0.0,0.002501876407305479
singularity,grav_stress_abs,3997,90.34275019862045,8.325774498966457,0.0921576383346983,0.9962471853890418,0.0,0.002501876407305479
singularity,stress_energy_raw,3997,2015.5185150065493,17949.612802817304,8.905704745043723,1.0,0.0,0.0002501876407305479
singularity,memory_flux_abs,3997,3.0958947209549796e-08,6.77499024570332e-08,2.1883787584396486,1.0,0.0,0.0002501876407305479
singularity,rigidity_log,3997,0.03670680640477037,0.8665730437512268,23.607966168329153,0.9967475606705029,0.0,0.0017513134851138354
singularity,det_log,3997,0.04699658591902133,0.18910300963514,4.0237605761614,0.9957468101075807,0.0,0.002501876407305479
singularity,ginv_log,3997,0.3824226022880207,0.9983988606630512,2.610721371304067,0.9957468101075807,0.0,0.002501876407305479
singularity,gamma_log,3997,12.997235751703009,0.9507405450451817,0.0731494421743183,0.9957468101075807,0.0,0.002501876407305479
singularity,curvature_log,3997,2.750730546809374,0.62311531043804,0.22652720789420963,0.9957468101075807,0.0,0.002501876407305479
singularity,curvature_scalar_log,3997,12.653714800639433,1.1661393665220172,0.09215786706865627,0.987240430322742,0.0,0.013009757317988492
singularity,einstein_log,3997,29.36915448857606,0.8782538953792147,0.029903955720646833,0.9962471853890418,0.0,0.002501876407305479
singularity,gravity_log,3997,6.745227146890412,1.0783766992038932,0.1598725551742214,0.9962471853890418,0.0,0.002501876407305479
singularity,grav_stress_log,3997,4.509772035396842,0.1028143431535836,0.022798124239230277,0.9962471853890418,0.0,0.002501876407305479
singularity,stress_log,3997,7.220625223649832,0.22244710083952504,0.030807179980888694,1.0,0.0,0.0002501876407305479
singularity,geo_resid_log,3997,0.005423758714312072,0.05997809949107141,11.05840112923954,1.0,0.0,0.0002501876407305479
singularity,memory_flux_log,3997,3.095894443587231e-08,6.774987774782377e-08,2.188378156372851,1.0,0.0,0.0002501876407305479
singularity,jerk_lambda_log,3997,0.024138475199043004,0.5766970984345916,23.891198332919362,1.0,0.0,0.0002501876407305479
singularity,grad_phi_log,3997,0.006312696871500221,0.005921234739465905,0.9379881309046153,0.9957468101075807,0.0,0.002501876407305479
singularity,sgv_sing_rigidity_score,3997,0.028058707286464642,0.6640522354280111,23.66652991701959,1.0,0.0,0.0002501876407305479
singularity,sgv_sing_curvature_score,3997,10.949597078077081,0.36647963278874623,0.03346969118366004,0.9962471853890418,0.0,0.002501876407305479
singularity,sgv_sing_stress_score,3997,3.397561289107535,0.12127611475539198,0.035695048429059704,1.0,0.0,0.0002501876407305479
singularity,sgv_sing_gravity_score,3997,13.135815490762912,0.6343843568217451,0.048294249966273,0.9962471853890418,0.0,0.002501876407305479
singularity,sgv_singularity_score,3997,28.942304667085168,1.2271372191398056,0.0423994299436484,1.0,0.0,0.0002501876407305479
singularity,sgv_singularity_score_z,3997,-0.14188953190558873,1.3977124209985323,1.5620865311234078,1.0,0.0,0.0002501876407305479
singularity,sgv_singularity_score_01,3997,0.5848194717462378,0.2706538253731212,0.4627989293259409,0.9004253189892419,0.0,0.05003752814610958
singularity,sgv_singularity_prob,3997,0.4748690885769604,0.21631496752143814,0.4555254758099099,1.0,0.0,0.0002501876407305479
singularity,sgv_criticality_score,3997,2.3191838099164994,0.26377858838079166,0.1137376810121354,1.0,0.0,0.0002501876407305479
singularity,sgv_criticality_score_z,3997,-0.25606292360536714,1.6590827936623924,1.7333949202620031,1.0,0.0,0.0002501876407305479
singularity,sgv_criticality_score_01,3997,0.6362432734751953,0.27763886270965976,0.43637217756846564,0.9004253189892419,0.0,0.05003752814610958
singularity,sgv_criticality_prob,3997,0.46008112364420134,0.21939213515056738,0.4768553280621699,1.0,0.0,0.0002501876407305479
singularity,sgv_singularity_alert_q90,3997,0.10007505629221916,0.30013759669146056,2.99912493493942,0.0005003752814610958,0.0,0.8999249437077809
singularity,sgv_singularity_alert_q95,3997,0.05003752814610958,0.21804969447801678,4.357723144143166,0.0005003752814610958,0.0,0.9499624718538904
singularity,sgv_singularity_alert_q99,3997,0.010007505629221916,0.09954815306416423,9.947349194936612,0.0005003752814610958,0.0,0.9899924943707781
singularity,sgv_criticality_alert_q95,3997,0.05003752814610958,0.21804969447801678,4.357723144143166,0.0005003752814610958,0.0,0.9499624718538904
singularity,sgv_sing_rigidity_alert,3997,0.05003752814610958,0.21804969447801684,4.357723144143167,0.0005003752814610958,0.0,0.9499624718538904
singularity,sgv_sing_curvature_alert,3997,0.05003752814610958,0.2180496944780168,4.357723144143166,0.0005003752814610958,0.0,0.9499624718538904
singularity,sgv_sing_stress_alert,3997,0.05003752814610958,0.21804969447801678,4.357723144143166,0.0005003752814610958,0.0,0.9499624718538904
singularity,sgv_sing_gravity_alert,3997,0.05003752814610958,0.21804969447801678,4.357723144143166,0.0005003752814610958,0.0,0.9499624718538904
singularity,ricci3_alert_q95,3997,0.05003752814610958,0.21804969447801678,4.357723144143166,0.0005003752814610958,0.0,0.9499624718538904
singularity,gravity_alert_q95,3997,0.05003752814610958,0.2180496944780168,4.357723144143166,0.0005003752814610958,0.0,0.9499624718538904
singularity,einstein_alert_q95,3997,0.05003752814610958,0.2180496944780168,4.357723144143166,0.0005003752814610958,0.0,0.9499624718538904
singularity,G_info_abs_sum,3997,53555752070609.805,36160858492645.18,0.6752002743789205,0.9962471853890418,1.0,0.002501876407305479
singularity,T_info_abs_sum,3997,18426.53768203841,9652.364742643125,0.5238295391788081,0.9962471853890418,0.0,0.002501876407305479
singularity,sgv_singularity_valid,3997,0.9997498123592694,0.015817320908755306,0.015821279197271013,0.0005003752814610958,0.0,0.9997498123592694
terrain,timestamp,4000,1785422370000.0,69290692.0155947,3.880913176616842e-05,1.0,1.0,0.00025
terrain,E_norm,4000,0.014469222164642687,1.4806523380010115,1.4632074917267626,1.0,0.0,0.00025
terrain,jerk,4000,-2.0073489492306029e-07,0.0011295073696293862,1.4281443161235734,0.99925,0.0,0.001
terrain,lambda_dynamic,4000,2907.5372253620963,1232.6538106686103,0.4239511707421387,0.996,0.0,0.0025
terrain,close,4000,64105.3450475,622.140945236795,0.009704977717159289,0.85775,0.0,0.00175
terrain,ret_fwd_1m,4000,-3.954996484631101e-06,0.00046240841151338525,1.4721231106678299,0.97125,0.0,0.01175
terrain,ret_fwd_5m,4000,-2.0524717429596466e-05,0.0010455498423291704,1.4562758756631664,0.996,0.0,0.00125
terrain,terrain_attractor_E,3921,0.0032499029942458886,0.9899867245281196,1.42084824262983,1.0,0.0,0.0002550369803621525
terrain,terrain_attractor_jerk,3921,5.336219620772031e-09,2.1926410897606657e-05,1.4321484516528085,1.0,0.0,0.0002550369803621525
terrain,terrain_cov_11,4000,1.209356365098068,1.6869624219129669,1.3949258221964782,0.9805,0.0,0.01975
terrain,terrain_cov_12,4000,9.364440204958327e-07,7.268495463428834e-05,1.9642207998700973,0.9805,0.0,0.01975
terrain,terrain_cov_22,4000,9.92892866976019e-05,1.416068867273122e-05,0.1426205096614239,0.9805,0.0,0.01975
terrain,terrain_fisher_proxy_11,4000,2.2570678881061403,2.087807446779097,0.9250087061098254,0.9805,0.0,0.01975
terrain,terrain_fisher_proxy_12,4000,-0.06098734165935874,0.6110098813331318,1.4714609861525605,0.9805,0.0,0.01975
terrain,terrain_fisher_proxy_22,4000,9679.621913098417,1380.043999730243,0.1425720975591799,0.9805,0.0,0.01975
terrain,terrain_informational_displacement_raw,4000,1.0562669502749136,1.5051428929377386,1.4249644870039686,0.9805,0.0,0.01975
terrain,terrain_informational_displacement,4000,0.5576636347958713,0.5211386838332827,0.934503617084592,0.9805,0.0,0.01975
terrain,terrain_log_density,4000,-1.5627834400763254,1.0018691857984763,0.6410799859445309,1.0,0.0,0.00025
terrain,terrain_grad_logp_E,4000,-0.02255307149746244,0.8398097264985706,1.1311369325287424,1.0,0.0,0.00025
terrain,terrain_grad_logp_jerk,4000,-6.657741543754865e-06,0.009061802877081021,1.4151465144771087,1.0,0.0,0.00025
terrain,terrain_curvature,4000,0.7425714360062193,0.39283716236467353,0.529022722012409,1.0,0.0,0.00025
terrain,terrain_hessian_trace,4000,-8.979932050901105,0.7652170605241565,0.0852141259183993,1.0,0.0,0.00025
terrain,terrain_hessian_maxeig_abs,4000,8.163184494755724,7.991033522484585e-05,9.7891129713144e-06,1.0,0.0,0.00025
terrain,terrain_basin_depth,4000,-2.0083263016800568,1.1259742957680152,0.5606530646071239,1.0,0.0,0.00025
terrain,terrain_regime_hysteresis,4000,0.24799586349422237,0.25129174084024486,1.013290049678991,0.978,0.0,0.02225
terrain,terrain_informational_displacement_w,4000,0.5635802553273911,0.5132710057449099,0.9107327676814088,0.97075,0.0,0.02
terrain,terrain_curvature_w,4000,0.7413564896727132,0.3900911492548211,0.5261856538505986,0.9905,0.0,0.005
terrain,terrain_basin_depth_w,4000,-2.0058667011795848,1.114120913426707,0.5554311823270852,0.9905,0.0,0.005
terrain,terrain_regime_hysteresis_w,4000,0.24881141848281174,0.2456499580031649,0.9872937484182814,0.96825,0.0,0.0225
terrain,terrain_z_disp,4000,0.2864482333420822,1.043979316960159,1.2768297897495733,0.97075,0.0,0.02
terrain,terrain_z_curv,4000,-0.14256375996306309,0.892733324581371,1.180734264410873,0.9905,0.0,0.005
terrain,terrain_z_basin,4000,-0.3723440097145766,1.206497624914898,1.349402614318661,0.9905,0.0,0.005
terrain,terrain_z_hyst,4000,0.4954689405618211,1.5748265557086074,1.475970385063905,0.96825,0.0,0.0225
terrain,terrain_transition_score_raw,4000,1.0116974236554168,3.5277859785479055,1.2828257476804785,1.0,0.0,0.00025
terrain,terrain_transition_score,4000,1.004550488565701,3.495807647017248,1.2751539396473845,0.9905,0.0,0.005
expected_value,timestamp,4000,1785422370000.0,69290692.0155947,3.880913176616842e-05,1.0,1.0,0.00025
expected_value,E_norm,4000,0.014469222164642687,1.4806523380010115,1.4632074917267626,1.0,0.0,0.00025
expected_value,jerk,4000,-2.0073489492306029e-07,0.0011295073696293862,1.4281443161235734,0.99925,0.0,0.001
expected_value,lambda_dynamic,4000,2907.5372253620963,1232.6538106686103,0.4239511707421387,0.996,0.0,0.0025
expected_value,close,4000,64105.3450475,622.140945236795,0.009704977717159289,0.85775,0.0,0.00175
expected_value,ret_fwd_1m,4000,-3.954996484631101e-06,0.00046240841151338525,1.4721231106678299,0.97125,0.0,0.01175
expected_value,ret_fwd_5m,4000,-2.0524717429596466e-05,0.0010455498423291704,1.4562758756631664,0.996,0.0,0.00125
expected_value,terrain_attractor_E,4000,0.003185717410109547,0.9801594885935552,1.4350869697284485,0.9805,0.0,0.01975
expected_value,terrain_attractor_jerk,4000,5.230829283261713e-09,2.1708753142354765e-05,1.446500268253738,0.9805,0.0,0.01975
expected_value,terrain_cov_11,4000,1.209356365098068,1.6869624219129669,1.3949258221964782,0.9805,0.0,0.01975
expected_value,terrain_cov_12,4000,9.364440204958327e-07,7.268495463428834e-05,1.9642207998700973,0.9805,0.0,0.01975
expected_value,terrain_cov_22,4000,9.92892866976019e-05,1.416068867273122e-05,0.1426205096614239,0.9805,0.0,0.01975
expected_value,terrain_fisher_proxy_11,4000,2.2570678881061403,2.087807446779097,0.9250087061098254,0.9805,0.0,0.01975
expected_value,terrain_fisher_proxy_12,4000,-0.06098734165935874,0.6110098813331318,1.4714609861525605,0.9805,0.0,0.01975
expected_value,terrain_fisher_proxy_22,4000,9679.621913098417,1380.043999730243,0.1425720975591799,0.9805,0.0,0.01975
expected_value,terrain_informational_displacement_raw,4000,1.0562669502749136,1.5051428929377386,1.4249644870039686,0.9805,0.0,0.01975
expected_value,terrain_informational_displacement,4000,0.5576636347958713,0.5211386838332827,0.934503617084592,0.9805,0.0,0.01975
expected_value,terrain_log_density,4000,-1.5627834400763254,1.0018691857984763,0.6410799859445309,1.0,0.0,0.00025
expected_value,terrain_grad_logp_E,4000,-0.02255307149746244,0.8398097264985706,1.1311369325287424,1.0,0.0,0.00025
expected_value,terrain_grad_logp_jerk,4000,-6.657741543754865e-06,0.009061802877081021,1.4151465144771087,1.0,0.0,0.00025
expected_value,terrain_curvature,4000,0.7425714360062193,0.39283716236467353,0.529022722012409,1.0,0.0,0.00025
expected_value,terrain_hessian_trace,4000,-8.979932050901105,0.7652170605241565,0.0852141259183993,1.0,0.0,0.00025
expected_value,terrain_hessian_maxeig_abs,4000,8.163184494755724,7.991033522484585e-05,9.7891129713144e-06,1.0,0.0,0.00025
expected_value,terrain_basin_depth,4000,-2.0083263016800568,1.1259742957680152,0.5606530646071239,1.0,0.0,0.00025
expected_value,terrain_regime_hysteresis,4000,0.24799586349422237,0.25129174084024486,1.013290049678991,0.978,0.0,0.02225
expected_value,terrain_informational_displacement_w,4000,0.5635802553273911,0.5132710057449099,0.9107327676814088,0.97075,0.0,0.02
expected_value,terrain_curvature_w,4000,0.7413564896727132,0.3900911492548211,0.5261856538505986,0.9905,0.0,0.005
expected_value,terrain_basin_depth_w,4000,-2.0058667011795848,1.114120913426707,0.5554311823270852,0.9905,0.0,0.005
expected_value,terrain_regime_hysteresis_w,4000,0.24881141848281174,0.2456499580031649,0.9872937484182814,0.96825,0.0,0.0225
expected_value,terrain_z_disp,4000,0.2864482333420822,1.043979316960159,1.2768297897495733,0.97075,0.0,0.02
expected_value,terrain_z_curv,4000,-0.14256375996306309,0.892733324581371,1.180734264410873,0.9905,0.0,0.005
expected_value,terrain_z_basin,4000,-0.3723440097145766,1.206497624914898,1.349402614318661,0.9905,0.0,0.005
expected_value,terrain_z_hyst,4000,0.4954689405618211,1.5748265557086074,1.475970385063905,0.96825,0.0,0.0225
expected_value,terrain_transition_score_raw,4000,1.0116974236554168,3.5277859785479055,1.2828257476804785,1.0,0.0,0.00025
expected_value,terrain_transition_score,4000,1.004550488565701,3.495807647017248,1.2751539396473845,0.9905,0.0,0.005
expected_value,ret_fwd_1,4000,-3.954996484631101e-06,0.00046240841151338525,1.4721231106678299,0.97125,0.0,0.01175
expected_value,ret_fwd_3,4000,-1.2265501422759617e-05,0.0008059701411189472,1.4511029629466412,0.99525,0.0,0.001
expected_value,ret_fwd_5,4000,-2.0524717429596466e-05,0.0010455498423291704,1.4562758756631664,0.996,0.0,0.00125
expected_value,signal_long,4000,0.05,0.21797219540457993,4.359443908091598,0.0005,0.0,0.95
expected_value,signal_short,4000,0.05,0.21797219540457988,4.359443908091597,0.0005,0.0,0.95
expected_value,ev_long_1,4000,2.8500664415429428e-06,9.100473501478872e-05,2.1880911626844637,0.07075,0.0,0.70725
expected_value,ev_long_3,4000,-1.7260559066551274e-05,0.0002539827318951763,2.0779207574860483,0.07075,0.0,0.70725
expected_value,ev_long_5,4000,-1.1907417720235348e-05,0.000383828531687534,2.0598584850941024,0.07075,0.0,0.70725
expected_value,ev_short_1,4000,-2.6896528718320067e-06,3.805357026713499e-05,2.030632232674431,0.06175,0.0,0.61025
expected_value,ev_short_3,4000,-3.0077375564252964e-06,0.00011166772040161358,1.9364421554810272,0.06175,0.0,0.61025
expected_value,ev_short_5,4000,-7.368953772417461e-06,0.00021591712207192254,2.0447953278285604,0.06175,0.0,0.61025
expected_value,prob_long,4000,0.05,0.07357022593778094,1.4714045187556186,0.016,0.0,0.38925
expected_value,prob_short,4000,0.046252499999999995,0.0490279989385655,1.0600075442098373,0.009,0.0,0.19875
expected_value,expected_value_score,4000,-4.944199370755867e-07,1.4499929783773875e-05,1.842904902129311,0.13225,0.0,0.348
force_field,E,358,-0.03569378582094045,3.330634738966307,1.2300136788061267,0.09497206703910614,0.0,0.05865921787709497
force_field,jerk,358,0.00024232464698918516,0.0025106145871889207,1.2291530831162003,0.09776536312849161,0.0,0.06424581005586592
force_field,force_x,358,0.003792621695260138,0.7548765624234546,1.5156826432018622,1.0,0.0,0.002793296089385475
force_field,force_y,358,0.00011259227790186253,0.004330337266805644,1.2770284281591908,1.0,0.0,0.002793296089385475
force_field,force_magnitude,358,0.5834529172909944,0.5315717550929648,0.9110790936843426,1.0,0.0,0.002793296089385475
alignment,timestamp,4000,1785422370000.0,69290692.0155947,3.880913176616842e-05,1.0,1.0,0.00025
alignment,E_norm,4000,0.014469222164642687,1.4806523380010115,1.4632074917267626,1.0,0.0,0.00025
alignment,jerk,4000,-2.0073489492306029e-07,0.0011295073696293862,1.4281443161235734,0.99925,0.0,0.001
alignment,lambda_dynamic,4000,2907.5372253620963,1232.6538106686103,0.4239511707421387,0.996,0.0,0.0025
alignment,close,4000,64105.3450475,622.140945236795,0.009704977717159289,0.85775,0.0,0.00175
alignment,ret_fwd_1m,4000,-3.954996484631101e-06,0.00046240841151338525,1.4721231106678299,0.97125,0.0,0.01175
alignment,ret_fwd_5m,4000,-2.0524717429596466e-05,0.0010455498423291704,1.4562758756631664,0.996,0.0,0.00125
alignment,terrain_attractor_E,3921,0.0032499029942458886,0.9899867245281196,1.42084824262983,1.0,0.0,0.0002550369803621525
alignment,terrain_attractor_jerk,3921,5.336219620772031e-09,2.1926410897606657e-05,1.4321484516528085,1.0,0.0,0.0002550369803621525
alignment,terrain_cov_11,4000,1.209356365098068,1.6869624219129669,1.3949258221964782,0.9805,0.0,0.01975
alignment,terrain_cov_12,4000,9.364440204958327e-07,7.268495463428834e-05,1.9642207998700973,0.9805,0.0,0.01975
alignment,terrain_cov_22,4000,9.92892866976019e-05,1.416068867273122e-05,0.1426205096614239,0.9805,0.0,0.01975
alignment,terrain_fisher_proxy_11,4000,2.2570678881061403,2.087807446779097,0.9250087061098254,0.9805,0.0,0.01975
alignment,terrain_fisher_proxy_12,4000,-0.06098734165935874,0.6110098813331318,1.4714609861525605,0.9805,0.0,0.01975
alignment,terrain_fisher_proxy_22,4000,9679.621913098417,1380.043999730243,0.1425720975591799,0.9805,0.0,0.01975
alignment,terrain_informational_displacement_raw,4000,1.0562669502749136,1.5051428929377386,1.4249644870039686,0.9805,0.0,0.01975
alignment,terrain_informational_displacement,4000,0.5576636347958713,0.5211386838332827,0.934503617084592,0.9805,0.0,0.01975
alignment,terrain_log_density,4000,-1.5627834400763254,1.0018691857984763,0.6410799859445309,1.0,0.0,0.00025
alignment,terrain_grad_logp_E,4000,-0.02255307149746244,0.8398097264985706,1.1311369325287424,1.0,0.0,0.00025
alignment,terrain_grad_logp_jerk,4000,-6.657741543754865e-06,0.009061802877081021,1.4151465144771087,1.0,0.0,0.00025
alignment,terrain_curvature,4000,0.7425714360062193,0.39283716236467353,0.529022722012409,1.0,0.0,0.00025
alignment,terrain_hessian_trace,4000,-8.979932050901105,0.7652170605241565,0.0852141259183993,1.0,0.0,0.00025
alignment,terrain_hessian_maxeig_abs,4000,8.163184494755724,7.991033522484585e-05,9.7891129713144e-06,1.0,0.0,0.00025
alignment,terrain_basin_depth,4000,-2.0083263016800568,1.1259742957680152,0.5606530646071239,1.0,0.0,0.00025
alignment,terrain_regime_hysteresis,4000,0.24799586349422237,0.25129174084024486,1.013290049678991,0.978,0.0,0.02225
alignment,terrain_informational_displacement_w,4000,0.5635802553273911,0.5132710057449099,0.9107327676814088,0.97075,0.0,0.02
alignment,terrain_curvature_w,4000,0.7413564896727132,0.3900911492548211,0.5261856538505986,0.9905,0.0,0.005
alignment,terrain_basin_depth_w,4000,-2.0058667011795848,1.114120913426707,0.5554311823270852,0.9905,0.0,0.005
alignment,terrain_regime_hysteresis_w,4000,0.24881141848281174,0.2456499580031649,0.9872937484182814,0.96825,0.0,0.0225
alignment,terrain_z_disp,4000,0.2864482333420822,1.043979316960159,1.2768297897495733,0.97075,0.0,0.02
alignment,terrain_z_curv,4000,-0.14256375996306309,0.892733324581371,1.180734264410873,0.9905,0.0,0.005
alignment,terrain_z_basin,4000,-0.3723440097145766,1.206497624914898,1.349402614318661,0.9905,0.0,0.005
alignment,terrain_z_hyst,4000,0.4954689405618211,1.5748265557086074,1.475970385063905,0.96825,0.0,0.0225
alignment,terrain_transition_score_raw,4000,1.0116974236554168,3.5277859785479055,1.2828257476804785,1.0,0.0,0.00025
alignment,terrain_transition_score,4000,1.004550488565701,3.495807647017248,1.2751539396473845,0.9905,0.0,0.005
alignment,dE_real,4000,-0.0001660711658910594,0.4402225237979104,1.4582886976432956,1.0,0.0,0.00025
alignment,dJ_real,4000,1.5345856150206226e-08,0.002060981210293466,1.421009378126325,0.9995,0.0,0.00075
alignment,real_move_mag,4000,0.30190071439766725,0.3203643435636878,1.061157951225316,1.0,0.0,0.00025
alignment,force_x_local,3896,-0.043906223021406274,0.2465920395402383,1.5646635123984878,0.07032854209445585,0.0,0.04620123203285421
alignment,force_y_local,3896,-0.00028687621784025954,0.0017082655464663588,1.3630131617778802,0.07032854209445585,0.0,0.04620123203285421
alignment,force_mag_local,3896,0.2969603510783211,0.18020559926400687,0.6068338706148653,0.07032854209445585,0.0,0.04620123203285421
alignment,force_dot_move,3896,0.04182861251397422,0.31901597627658496,4.69708520315581,1.0,0.0,0.0002566735112936345
alignment,force_alignment_cos,3999,0.16937989028943895,0.5241562667388028,1.1001611373720634,0.9644911227806952,0.0,0.033258314578644664
alignment,force_alignment_cos_raw,3999,0.16937989028943895,0.5241562667388028,1.1001611373720634,0.9644911227806952,0.0,0.033258314578644664
alignment,force_mag_inlier,4000,0.9545,0.20842411125524357,0.21835946700392203,0.0005,0.0,0.9545
alignment,force_alignment_valid,4000,0.99975,0.01581138830084189,0.015815342136375983,0.0005,0.0,0.99975
alignment,force_alignment_low_confidence,4000,0.0455,0.20842411125524357,4.580749697917441,0.0005,0.0,0.9545
alignment,force_alignment_cos_live,4000,0.13460754162479804,0.4906211830338611,1.137278739366135,0.94975,0.0,0.04575
alignment,aligned_positive,4000,0.591,0.49171073291236517,0.8319978560276907,0.0005,0.0,0.591
alignment,aligned_strong,4000,0.4685,0.49906915102456095,1.0652489883128302,0.0005,0.0,0.5315
alignment,aligned_very_strong,4000,0.26625,0.4420517955483123,1.6602884339842716,0.0005,0.0,0.73375
alignment,anti_aligned,4000,0.36325,0.48099612973412254,1.3241462621723952,0.0005,0.0,0.63675
edge,timestamp,4000,1785422370000.0,69290692.0155947,3.880913176616842e-05,1.0,1.0,0.00025
edge,E_norm,4000,0.014469222164642687,1.4806523380010115,1.4632074917267626,1.0,0.0,0.00025
edge,jerk,4000,-2.0073489492306029e-07,0.0011295073696293862,1.4281443161235734,0.99925,0.0,0.001
edge,lambda_dynamic,4000,2907.5372253620963,1232.6538106686103,0.4239511707421387,0.996,0.0,0.0025
edge,close,4000,64105.3450475,622.140945236795,0.009704977717159289,0.85775,0.0,0.00175
edge,ret_fwd_1m,4000,-3.954996484631101e-06,0.00046240841151338525,1.4721231106678299,0.97125,0.0,0.01175
edge,ret_fwd_5m,4000,-2.0524717429596466e-05,0.0010455498423291704,1.4562758756631664,0.996,0.0,0.00125
edge,terrain_attractor_E,4000,0.003185717410109547,0.9801594885935552,1.4350869697284485,0.9805,0.0,0.01975
edge,terrain_attractor_jerk,4000,5.230829283261713e-09,2.1708753142354765e-05,1.446500268253738,0.9805,0.0,0.01975
edge,terrain_cov_11,4000,1.209356365098068,1.6869624219129669,1.3949258221964782,0.9805,0.0,0.01975
edge,terrain_cov_12,4000,9.364440204958327e-07,7.268495463428834e-05,1.9642207998700973,0.9805,0.0,0.01975
edge,terrain_cov_22,4000,9.92892866976019e-05,1.416068867273122e-05,0.1426205096614239,0.9805,0.0,0.01975
edge,terrain_fisher_proxy_11,4000,2.2570678881061403,2.087807446779097,0.9250087061098254,0.9805,0.0,0.01975
edge,terrain_fisher_proxy_12,4000,-0.06098734165935874,0.6110098813331318,1.4714609861525605,0.9805,0.0,0.01975
edge,terrain_fisher_proxy_22,4000,9679.621913098417,1380.043999730243,0.1425720975591799,0.9805,0.0,0.01975
edge,terrain_informational_displacement_raw,4000,1.0562669502749136,1.5051428929377386,1.4249644870039686,0.9805,0.0,0.01975
edge,terrain_informational_displacement,4000,0.5576636347958713,0.5211386838332827,0.934503617084592,0.9805,0.0,0.01975
edge,terrain_log_density,4000,-1.5627834400763254,1.0018691857984763,0.6410799859445309,1.0,0.0,0.00025
edge,terrain_grad_logp_E,4000,-0.02255307149746244,0.8398097264985706,1.1311369325287424,1.0,0.0,0.00025
edge,terrain_grad_logp_jerk,4000,-6.657741543754865e-06,0.009061802877081021,1.4151465144771087,1.0,0.0,0.00025
edge,terrain_curvature,4000,0.7425714360062193,0.39283716236467353,0.529022722012409,1.0,0.0,0.00025
edge,terrain_hessian_trace,4000,-8.979932050901105,0.7652170605241565,0.0852141259183993,1.0,0.0,0.00025
edge,terrain_hessian_maxeig_abs,4000,8.163184494755724,7.991033522484585e-05,9.7891129713144e-06,1.0,0.0,0.00025
edge,terrain_basin_depth,4000,-2.0083263016800568,1.1259742957680152,0.5606530646071239,1.0,0.0,0.00025
edge,terrain_regime_hysteresis,4000,0.24799586349422237,0.25129174084024486,1.013290049678991,0.978,0.0,0.02225
edge,terrain_informational_displacement_w,4000,0.5635802553273911,0.5132710057449099,0.9107327676814088,0.97075,0.0,0.02
edge,terrain_curvature_w,4000,0.7413564896727132,0.3900911492548211,0.5261856538505986,0.9905,0.0,0.005
edge,terrain_basin_depth_w,4000,-2.0058667011795848,1.114120913426707,0.5554311823270852,0.9905,0.0,0.005
edge,terrain_regime_hysteresis_w,4000,0.24881141848281174,0.2456499580031649,0.9872937484182814,0.96825,0.0,0.0225
edge,terrain_z_disp,4000,0.2864482333420822,1.043979316960159,1.2768297897495733,0.97075,0.0,0.02
edge,terrain_z_curv,4000,-0.14256375996306309,0.892733324581371,1.180734264410873,0.9905,0.0,0.005
edge,terrain_z_basin,4000,-0.3723440097145766,1.206497624914898,1.349402614318661,0.9905,0.0,0.005
edge,terrain_z_hyst,4000,0.4954689405618211,1.5748265557086074,1.475970385063905,0.96825,0.0,0.0225
edge,terrain_transition_score_raw,4000,1.0116974236554168,3.5277859785479055,1.2828257476804785,1.0,0.0,0.00025
edge,terrain_transition_score,4000,1.004550488565701,3.495807647017248,1.2751539396473845,0.9905,0.0,0.005
edge,dE_real,4000,-0.0001660711658910594,0.4402225237979104,1.4582886976432956,1.0,0.0,0.00025
edge,dJ_real,4000,1.5345856150206226e-08,0.002060981210293466,1.421009378126325,0.9995,0.0,0.00075
edge,real_move_mag,4000,0.30190071439766725,0.3203643435636878,1.061157951225316,1.0,0.0,0.00025
edge,force_x_local,4000,-0.04276466122284971,0.2434647219708322,1.5860577134580498,0.06875,0.0,0.045
edge,force_y_local,4000,-0.0002794174361764128,0.001686524351614293,1.3815872834530631,0.06875,0.0,0.045
edge,force_mag_local,4000,0.2892393819502847,0.18401980367375192,0.6362197375507522,0.06875,0.0,0.045
edge,force_dot_move,4000,0.04074106858861089,0.31491077974843473,4.760412375690018,0.974,0.0,0.02625
edge,force_alignment_cos,4000,0.1693375453168666,0.5240975693750605,1.1003130146596172,0.9645,0.0,0.03325
edge,force_alignment_cos_raw,4000,0.1693375453168666,0.5240975693750605,1.1003130146596172,0.9645,0.0,0.03325
edge,force_mag_inlier,4000,0.9545,0.20842411125524357,0.21835946700392203,0.0005,0.0,0.9545
edge,force_alignment_valid,4000,0.99975,0.01581138830084189,0.015815342136375983,0.0005,0.0,0.99975
edge,force_alignment_low_confidence,4000,0.0455,0.20842411125524357,4.580749697917441,0.0005,0.0,0.9545
edge,force_alignment_cos_live,4000,0.13460754162479804,0.4906211830338611,1.137278739366135,0.94975,0.0,0.04575
edge,aligned_positive,4000,0.591,0.49171073291236517,0.8319978560276907,0.0005,0.0,0.591
edge,aligned_strong,4000,0.4685,0.49906915102456095,1.0652489883128302,0.0005,0.0,0.5315
edge,aligned_very_strong,4000,0.26625,0.4420517955483123,1.6602884339842716,0.0005,0.0,0.73375
edge,anti_aligned,4000,0.36325,0.48099612973412254,1.3241462621723952,0.0005,0.0,0.63675
edge,expected_value_score,4000,-4.944199370755867e-07,1.4499929783773875e-05,1.842904902129311,0.13225,0.0,0.348
edge,edge_score,4000,-2.892626164666117e-07,9.557079695236338e-06,2.224290927661433,0.6465,0.0,0.348
edge,edge_valid_long,4000,0.16975,0.375459957978226,2.2118406950116407,0.0005,0.0,0.83025
edge,edge_valid_short,4000,0.07875,0.269381846353436,3.42072185845633,0.0005,0.0,0.92125
edge,edge_strong_long,4000,0.11025,0.31324027098513646,2.8411815962370652,0.0005,0.0,0.88975
edge,edge_strong_short,4000,0.05075,0.21951420027194202,4.325402961023488,0.0005,0.0,0.94925
runtime_live,timestamp,220,1785535770000.0,3819162.2117946236,2.1389446663365495e-06,1.0,1.0,0.004545454545454545
runtime_live,E_norm,220,-0.24185471845020484,1.0772849143576568,1.2778866837986078,1.0,0.0,0.004545454545454545
runtime_live,jerk,220,8.111335129916282e-07,0.0005384596152146308,1.4353103940741172,0.990909090909091,0.0,0.013636363636363636
runtime_live,lambda_dynamic,220,4768.812441740024,1741.0505697766039,0.3650910139676906,0.9454545454545454,0.0,0.045454545454545456
runtime_live,close,220,62975.7324090909,39.08285123145216,0.0006206017736732241,0.759090909090909,0.0,0.022727272727272728
runtime_live,ret_fwd_1m,220,-9.514095703732678e-06,0.00022546316331288374,1.4988786036176582,0.8727272727272727,0.0,0.11818181818181818
runtime_live,ret_fwd_5m,220,-4.61017341423882e-05,0.00048617470136259,1.34427943065655,0.9636363636363636,0.0,0.022727272727272728
runtime_live,terrain_attractor_E,220,-0.05223969497370702,0.23415767506338311,1.4846364281326847,0.6454545454545455,0.0,0.35909090909090907
runtime_live,terrain_attractor_jerk,220,-3.6725470346859583e-10,7.467448311021205e-06,1.7737298877455179,0.6454545454545455,0.0,0.35909090909090907
runtime_live,terrain_cov_11,220,0.6383815310732255,0.5719073181283099,0.8958707141273943,0.6454545454545455,0.0,0.35909090909090907
runtime_live,terrain_cov_12,220,-8.258334466162633e-06,1.6040894885138565e-05,1.5088471396148648,0.6454545454545455,0.0,0.35909090909090907
runtime_live,terrain_cov_22,220,6.42392268703111e-05,4.819411737620203e-05,0.7502287889220457,0.6454545454545455,0.0,0.35909090909090907
runtime_live,terrain_fisher_proxy_11,220,0.7494078909434356,0.6785121106908865,0.9053976064179177,0.6454545454545455,0.0,0.35909090909090907
runtime_live,terrain_fisher_proxy_12,220,0.06464495380425263,0.13439920493331448,1.4319937490347836,0.6454545454545455,0.0,0.35909090909090907
runtime_live,terrain_fisher_proxy_22,220,6394.3237417096725,4797.205738180021,0.7502287860228635,0.6454545454545455,0.0,0.35909090909090907
runtime_live,terrain_informational_displacement_raw,220,0.6544174701027572,1.2051291782882996,1.8415296555256526,0.6454545454545455,0.0,0.35909090909090907
runtime_live,terrain_informational_displacement,220,0.3472619992925299,0.49673482526305446,1.4304324293330184,0.6454545454545455,0.0,0.35909090909090907
runtime_live,terrain_log_density,220,-1.332290750161548,0.813387129060489,0.610517733431581,1.0,0.0,0.004545454545454545
runtime_live,terrain_grad_logp_E,220,0.043549946877243326,1.1897711476787352,1.5259955951710293,1.0,0.0,0.004545454545454545
runtime_live,terrain_grad_logp_jerk,220,-1.964259999704349e-05,0.0044136052146439425,1.4323354059606457,1.0,0.0,0.004545454545454545
runtime_live,terrain_curvature,220,0.7796930604093557,0.898210976124848,1.152005861964794,1.0,0.0,0.004545454545454545
runtime_live,terrain_hessian_trace,220,-9.522389790535147,1.7885022135690267,0.18782073123563187,1.0,0.0,0.004545454545454545
runtime_live,terrain_hessian_maxeig_abs,220,8.163251969755448,6.210134949367463e-06,7.607427741267558e-07,1.0,0.0,0.004545454545454545
runtime_live,terrain_basin_depth,220,-1.8001065864071615,1.2953010368325677,0.7195690780832391,1.0,0.0,0.004545454545454545
runtime_live,terrain_regime_hysteresis,220,0.1510238904587429,0.17481570153027842,1.157536738056917,0.6,0.0,0.40454545454545454
runtime_live,terrain_informational_displacement_w,220,0.5303327222420122,0.4225451959249383,0.7967549015995167,0.6318181818181818,0.0,0.36363636363636365
runtime_live,terrain_curvature_w,220,0.7501616897023522,0.643630212222272,0.8579886457246977,0.990909090909091,0.0,0.00909090909090909
runtime_live,terrain_basin_depth_w,220,-1.7454802206950613,0.7924710460192134,0.4540131916840893,0.990909090909091,0.0,0.00909090909090909
runtime_live,terrain_regime_hysteresis_w,220,0.2440211316446115,0.12264692283325321,0.5026077946883478,0.5863636363636363,0.0,0.4090909090909091
runtime_live,terrain_z_disp,220,0.06992374599294368,1.476824670120042,1.5510941475743516,0.6318181818181818,0.0,0.36363636363636365
runtime_live,terrain_z_curv,220,0.4850761791995503,2.023392098598635,1.7783380956443358,0.990909090909091,0.0,0.00909090909090909
runtime_live,terrain_z_basin,220,-0.13753901211839803,1.3404974740347548,1.5151869363261699,0.990909090909091,0.0,0.00909090909090909
runtime_live,terrain_z_hyst,220,0.3902568667724237,3.4274881625962976,1.7165441315361107,0.5863636363636363,0.0,0.4090909090909091
runtime_live,terrain_transition_score_raw,220,1.0827958040833159,5.7523010731422,1.4630143341026,0.9954545454545455,0.0,0.00909090909090909
runtime_live,terrain_transition_score,220,1.0664985530228857,5.653683661896712,1.4488003776109306,0.9863636363636363,0.0,0.00909090909090909
runtime_live,open,220,62976.29290909092,38.70058378249406,0.0006145262287565906,0.7909090909090909,0.0,0.022727272727272728
runtime_live,high,220,62981.998999999996,37.99654414590814,0.0006032921271029861,0.7045454545454546,0.0,0.031818181818181815
runtime_live,low,220,62969.5345,40.250550921950754,0.0006392067408716632,0.7045454545454546,0.0,0.031818181818181815
runtime_live,volume,220,5.379839363636363,9.614285702245741,1.7870953112895946,1.0,0.0,0.004545454545454545
runtime_live,ret_1m,220,-9.514095687976594e-06,0.00022546316331288464,1.498878603634168,0.8636363636363636,0.0,0.1409090909090909
runtime_live,ret_fwd_3m,220,-2.874115931197503e-05,0.00039234143625206804,1.326339699196482,0.9590909090909091,0.0,0.013636363636363636
runtime_live,memory_close,220,62983.50183421964,18.43829827465375,0.0002927480647739408,1.0,0.0,0.004545454545454545
runtime_live,memory_flux,220,4.4231429819792905e-10,1.8642102743340764e-08,2.288787927698656,0.9863636363636363,0.0,0.01818181818181818
runtime_live,velocity,220,-9.514095687976594e-06,0.00022546316331288464,1.498878603634168,0.8636363636363636,0.0,0.1409090909090909
runtime_live,acceleration,220,1.150666857787944e-06,0.0003142098377308246,1.46552721179813,0.9681818181818181,0.0,0.03636363636363636
runtime_live,E_raw,220,-0.0001233801505414414,0.0005019633442457167,1.2775000978794815,1.0,0.0,0.004545454545454545
runtime_live,input_valid,220,0.9318181818181818,0.2526324665165418,0.27111776894458145,0.00909090909090909,0.0,0.9318181818181818
runtime_live,dE_real,220,-0.006535221650039201,0.4678686708139828,1.4639404236100388,1.0,0.0,0.004545454545454545
runtime_live,dJ_real,220,2.7901556636738596e-07,0.0009807231154412587,1.4476046488983279,0.990909090909091,0.0,0.013636363636363636
runtime_live,real_move_mag,220,0.31961160478358003,0.34106734762273644,1.0671306752259038,1.0,0.0,0.004545454545454545
runtime_live,force_x_local,220,0.018106179186921853,0.27097031227133117,1.7406469106433031,0.40454545454545454,0.0,0.33636363636363636
runtime_live,force_y_local,220,-5.519497174418596e-05,0.0006157274476912981,1.748350684928069,0.40454545454545454,0.0,0.33636363636363636
runtime_live,force_mag_local,220,0.16834647083260965,0.2222427931198569,1.3201511859481596,0.40454545454545454,0.0,0.33636363636363636
runtime_live,force_dot_move,220,0.013740553037937774,0.14022583654068976,2.4069791365955964,0.6681818181818182,0.0,0.33636363636363636
runtime_live,force_alignment_cos,220,0.5123420753470304,0.8019787344150274,0.8700348040273285,0.55,0.0,0.41818181818181815
runtime_live,force_alignment_cos_raw,220,0.5123420753470304,0.8019787344150274,0.8700348040273285,0.55,0.0,0.41818181818181815
runtime_live,force_mag_inlier,220,0.6727272727272727,0.4702877950911613,0.6990764521625371,0.00909090909090909,0.0,0.6727272727272727
runtime_live,force_alignment_valid,220,0.9818181818181818,0.13391322630467656,0.13639310086587428,0.00909090909090909,0.0,0.9818181818181818
runtime_live,force_alignment_low_confidence,220,0.32727272727272727,0.4702877950911613,1.4369904850007706,0.00909090909090909,0.0,0.6727272727272727
runtime_live,force_alignment_cos_live,220,0.20325115327125304,0.7325272239646403,1.232163169900882,0.5409090909090909,0.0,0.34545454545454546
runtime_live,aligned_positive,220,0.4318181818181818,0.49645902647118384,1.1496945876174784,0.00909090909090909,0.0,0.5681818181818182
runtime_live,aligned_strong,220,0.4090909090909091,0.49278732981722795,1.2045912506643348,0.00909090909090909,0.0,0.5909090909090909
runtime_live,aligned_very_strong,220,0.40454545454545454,0.49192314127298764,1.2159897874163739,0.00909090909090909,0.0,0.5954545454545455
runtime_live,anti_aligned,220,0.22272727272727272,0.4170255822357945,1.8723597569770367,0.00909090909090909,0.0,0.7772727272727272
runtime_live,ret_fwd_1,220,-9.514095703732678e-06,0.00022546316331288374,1.4988786036176582,0.8727272727272727,0.0,0.11818181818181818
runtime_live,ret_fwd_3,220,-2.874115931197503e-05,0.00039234143625206804,1.326339699196482,0.9590909090909091,0.0,0.013636363636363636
runtime_live,ret_fwd_5,220,-4.61017341423882e-05,0.00048617470136259,1.34427943065655,0.9636363636363636,0.0,0.022727272727272728
runtime_live,signal_long,220,0.05,0.2184419716473209,4.368839432946418,0.00909090909090909,0.0,0.95
runtime_live,signal_short,220,0.05,0.21844197164732085,4.368839432946417,0.00909090909090909,0.0,0.95
runtime_live,ev_long_1,220,2.9401812801798066e-06,1.933491343343396e-05,6.576095686267187,0.013636363636363636,0.0,0.9772727272727273
runtime_live,ev_long_3,220,7.668370778996958e-06,5.042104989098979e-05,6.575197176053215,0.013636363636363636,0.0,0.9772727272727273
runtime_live,ev_long_5,220,1.2249316031073568e-05,8.050731640785061e-05,6.572392793493361,0.00909090909090909,0.0,0.9772727272727273
runtime_live,ev_short_1,220,4.268337001008696e-06,1.322222029466561e-05,3.0977451620012495,0.013636363636363636,0.0,0.9045454545454545
runtime_live,ev_short_3,220,1.1681018895605055e-05,3.6046428644251434e-05,3.0858976401291316,0.013636363636363636,0.0,0.9045454545454545
runtime_live,ev_short_5,220,1.1105692948530545e-05,3.436455351228536e-05,3.0943187130733993,0.013636363636363636,0.0,0.9045454545454545
runtime_live,prob_long,220,0.03624619551865331,0.020539041532368407,0.5666537201621186,0.6818181818181818,0.0,0.19545454545454546
runtime_live,prob_short,220,0.011423737014188858,0.017259086158703193,1.5108091281571465,0.33181818181818185,0.0,0.5863636363636363
runtime_live,expected_value_score,220,3.9273613553903146e-07,1.5288971520095259e-06,3.892937302321596,0.022727272727272728,0.0,0.9045454545454545
runtime_live,edge_score,220,3.6070038105975844e-07,1.5277773815957429e-06,3.983933043856577,0.05,0.0,0.9045454545454545
runtime_live,edge_valid_long,220,0.08636363636363636,0.28154085901100134,3.2599467885484366,0.00909090909090909,0.0,0.9136363636363637
runtime_live,edge_valid_short,220,0.004545454545454545,0.06741998624632421,14.832396974191328,0.00909090909090909,0.0,0.9954545454545455
runtime_live,edge_strong_long,220,0.08636363636363636,0.28154085901100134,3.2599467885484366,0.00909090909090909,0.0,0.9136363636363637
runtime_live,edge_strong_short,220,0.004545454545454545,0.06741998624632421,14.832396974191328,0.00909090909090909,0.0,0.9954545454545455
runtime_live,sgv_edge_signal,220,0.08636363636363636,0.2973174656557814,3.114754402108186,0.013636363636363636,0.0,0.9045454545454545
runtime_live,sgv_singularity_score,219,33.73137372755418,4.730817268971011,0.14024976590581437,0.9908675799086758,0.0,0.0136986301369863
runtime_live,sgv_criticality_score,219,2.569570024650305,0.8498980794996553,0.3307549789834269,0.9908675799086758,0.0,0.0136986301369863
runtime_live,field_stress_geodesic,216,8587.334665397158,53054.40893256236,6.1782160588600545,1.0,0.0,0.004629629629629629
runtime_live,field_gravity,219,105.0626419106339,1880.7528681531667,1.1891555923995754,0.9908675799086758,0.0,0.0136986301369863
runtime_live,field_curvature,219,16.545844038871657,39.77422859505302,1.229271785226853,0.9908675799086758,0.0,0.0136986301369863
runtime_live,field_curvature_scalar,219,23576.868174840132,584115.9114653099,1.159814441593269,0.9863013698630136,0.0182648401826484,0.0136986301369863
runtime_live,rupture_prob_geodesic,219,0.8589098393848945,0.263542602209862,0.3068338376454008,0.958904109589041,0.0,0.0365296803652968
runtime_live,geodesic_valid,219,0.9863013698630136,0.11650302412874265,0.11812112168608631,0.0091324200913242,0.0,0.9863013698630136
runtime_live,geom_incoherence,219,2.264592619987817e-06,6.032039398588626e-06,2.663631129655928,0.9908675799086758,0.0,0.0136986301369863
runtime_live,geom_incoherence_abs,219,2.264592619987817e-06,6.032039398588626e-06,2.663631129655928,0.9908675799086758,0.0,0.0136986301369863
runtime_live,geo_resid_norm,216,0.002883848888968637,0.0122246082530948,4.238990572583967,1.0,0.0,0.004629629629629629
runtime_live,acc_geo_norm,216,0.0016676647233720837,0.012315397958236702,7.384816495569015,1.0,0.0,0.004629629629629629
runtime_live,jerk_over_lambda,219,20116.88792811315,108338.94358463118,5.385472344021393,0.9908675799086758,0.0,0.0136986301369863
runtime_live,field_einstein_norm,219,8.74264476446434e+19,3.7644776913425e+20,4.305879734063687,0.9908675799086758,1.0,0.0136986301369863
runtime_live,field_stress_tensor_norm,219,2272.7592545267116,1003.5416735445617,0.441552122841776,0.9908675799086758,0.0,0.0136986301369863
runtime_live,gravitational_stress_score,219,4.472627670274081,99.2030390723912,1.0042926157357883,0.9908675799086758,0.0,0.0136986301369863
runtime_live,sgv_singularity_prob,219,0.602132868366701,0.2311228801489561,0.3838403320780049,0.9908675799086758,0.0,0.0136986301369863
runtime_live,sgv_criticality_prob,219,0.47536986249899454,0.23249644127829003,0.48908536198754454,0.9908675799086758,0.0,0.0136986301369863
runtime_live,sgv_singularity_valid,219,0.9863013698630136,0.11650302412874265,0.11812112168608631,0.0091324200913242,0.0,0.9863013698630136
runtime_live,is_high_critical,220,0.9954545454545455,0.06741998624632423,0.06772784006480059,0.00909090909090909,0.0,0.9954545454545455
runtime_live,is_extreme_critical,220,0.9954545454545455,0.06741998624632423,0.06772784006480059,0.00909090909090909,0.0,0.9954545454545455
